VideoID	Titre
1	Deadpool 3 - Deadpool & wolverine
33	Astérix et Cléopatre
34	Le seigneur des anneaux 1 - la communauté de l'anneaux
36	everything everywhere all at once
37	Rush hour 1
42	Le seigneur des anneaux 3 - le retour du roi
63	Le seigneur des anneaux 2 - les deux tours
67	Alien - romulus
68	Alien 1 - le huitième passager
69	Alien 2 - Aliens le retour
79	Alarme fatale
80	Double zéro
81	Deadpool 1
82	Deadpool 2
83	Fast and furious 03 - tokyo drift
100	Rush hour 3
101	Rush hour 2
102	Alien 4 - résurrection
103	Alien 3 - Alien³
104	Prometheus
105	Venom 3 - the last dance
106	Pacific rim 1
107	The shining 1
108	The thing
109	Alien - covenant
110	Matrix 2 - reloaded
111	Matrix 1
112	Alienoid 1 - les protecteurs du futur
113	Wasabi
114	Highlander 1
115	Le hobbit 3 - la bataille des cinq armées
116	Les Éternels
117	Le hobbit 2 - la désolation de smaug
118	Le hobbit 1 - un voyage inattendu
119	RoboCop 1
120	Hot shot!
122	Avengers 1
170	Spy x Family - code: white
183	Demolition Man
184	Black Adam
206	Suzume no Tojimari
419	L'Âge de glace 2 - La Fonte
422	L'Âge de glace 5 - les lois de l'univers
423	Kaamelott 1 - Premier Volet
424	Hercules
431	Tensei Shitara Slime Datta Ken: Guren no Kizuna Hen
432	Fairy Tail - La pretresse du Phenix
433	Stargate SG-1 - Continuum
434	Stargate SG-1 - L’Arche de Vérité
435	Fairy Tail - Dragon Cry
437	Starship Troopers 1
438	Starship Troopers 2 - Hero Of The Federation
464	Le Seigneur des Anneaux - La Guerre des Rohirrim
465	Gladiator I
491	Independence day 1
492	Independence day 2 - Resurgence
493	Matrix 3 - Revolutions
512	La guerre des mondes
531	Jackie Chan dans le Bronx
532	Les Pingouins de Madagascar
533	Zootopia
534	Titanic
536	Need for Speed
537	Les douze travaux d'Astérix
538	Le Dernier Samouraï
539	Gladiator II
540	Avengers 2 - Age of Ultron
541	Avengers 3 - Infinity War
542	Avengers 4 - Endgame
543	Iron Man 1
544	Iron Man 3
545	Iron Man 2
546	Captain America 2 - Le Soldat de l'Hiver
547	Captain America 1 - The First Avenger
548	Captain America 3 - Civil War
555	Raiponce
556	Les Nouvelles Aventures de Cendrillon
557	John Wick - Chapter 3
558	John Wick - Chapter 1
559	John Wick - Chapter 2
560	John Wick - Chapter 4
689	300
716	Donjons et Dragons - L'Honneur des voleurs
717	Blue Beetle
718	Beetlejuice Beetlejuice
719	Le Mac
726	Black Panther
727	Black Widow
728	Ant Man 2 (Ant-Man et la Guêpe - Quantumania)
729	Ant Man 1
730	Captain Marvel 1
731	Doctor Strange 1
737	Morbius
740	Shang-Chi et la Légende des Dix Anneaux
753	Johnny English 3 - contre-attaque
754	Johnny English 2 -  Le Retour
755	Thor 3 - Ragnarok
756	Thor 2 - Le Monde des ténèbres
757	Spider-Man 1 - Homecoming (Tom Holland)
758	Les Gardien De La Galaxie Vol 1
759	Angry Birds 1
760	Angry Birds 2
761	Spider-Man 2 - Far From Home (Tom Holland)
762	Les Gardien De La Galaxie Vol 2
763	Les Trois Royaumes : Partie 2
764	Les Trois Royaumes : Partie 1
765	Petit Papa Baston
766	Aladdin
767	Interstellar
768	Un Cri dans l'Océan
769	Venom 1
770	Inception
771	Warcraft 1 - Le Commencement
772	Highlander 3 - Le Sorcier
774	Blade Runner 1
775	Blade Runner 2 - Blade Runner 2049
776	Le Mans 66
777	Pacific Rim 2 - Uprising
778	Nicky Larson et le Parfum de Cupidon
779	Quand faut y aller, faut y aller !
780	On l'appelle Trinita 2 - On continue à l'appeler Trinita
781	On l'appelle Trinita 1
782	Hook
783	Batman v Superman - L'Aube de la Justice
784	Kung Fu Yoga
785	Y a-t-il un flic pour sauver Hollywood ?
786	Le Dernier Chasseur de Sorcières
787	Le Monde secret des émojis
788	La Tour sombre
789	Underworld 3 - Le Soulèvement des Lycans
790	Underworld 2 - Evolution
791	Underworld 1
792	Undercover Grandpa
793	Van Helsing
794	Underworld 5 - Blood Wars
795	Underworld 4 - Nouvelle Ère
796	Vice Versa 2
797	Vice Versa 1
798	Stargate - La Porte des Étoiles
799	Le Grinch
801	Le Loup de Wall Street
803	Sonic 3
806	Sonic 1
807	Bloodshot
808	The Meg 1
809	World War Z
810	The Mist
811	Sucker Punch
812	Moi, moche et méchant 1
813	Moi, moche et méchant 2
814	Moi, moche et méchant 4
815	Moi, moche et méchant 3
816	I Robot
817	Madagascar 2 - La Grande Évasion
818	Madagascar 1
819	Madagascar 3 - Bons baisers d'Europe
820	Sonic 2
821	Borderlands
822	Heretic
834	Watchmen - Les Gardiens
865	Tunnel to Summer
866	Vaiana 2
1084	Robocop 3
1085	Robocop 2
1086	Godzilla Minus One
1087	The Fall Guy
1088	The Super Mario Bros Movie
1089	Harry Potter 1 - à l'école des sorciers
1090	Harry Potter 2 - et la Chambre des Secrets
1091	Harry Potter 3 - et le Prisonnier d'Azkaban
1092	Harry Potter 4 - et la Coupe de Feu
1093	Harry Potter 5 - et l'Ordre du Phénix
1094	Harry Potter 6 - et le Prince de Sang-Mêlé
1095	Harry Potter 8 - et les Reliques de la Mort – Partie 2
1096	Harry Potter 7 - et les Reliques de la Mort – Partie 1
1097	Captain Marvel 2 - The Marvels
1110	Vermines
1111	San Andreas
1112	S.O.S. Fantômes 4 - L'Empire Gelé
1113	Atlantide - L'empire Perdu
1114	Kung Fu Panda 4
1115	L'Histoire racontée par des chaussettes, le film
1116	Mechanic - Resurrection
1161	Alita - battle angle
1162	Chappie
1163	La Prophétie de l’horloge
1164	65
1165	Tag
1166	Thir13en Ghosts
1167	La Folle Histoire de l'Espace
1169	Pair Et Impair
1171	Les Superflics De Miami
1172	Pitch Black
1174	Event Horizon - le vaisseau de l’au-delà
1176	Woody Woodpecker
1177	Valérian et la Cité des mille planètes
1178	V Pour Vendetta
1179	Un jour sans fin
1180	Les Trois Royaumes - La Résurrection du Dragon
1181	Sully
1182	The Hitman's Bodyguard
1183	Rebelle
1184	Real Steel
1185	Radin
1186	Passengers
1187	Pixels
1188	Outlander - Le dernier Viking
1189	Nightwatchmen - les gardiens de la nuit
1190	Mafia - Survival Game
1191	La Coccinelle 4 - La Coccinelle à Mexico
1192	Les Évadés
1193	Logan
1194	Life - Origine Inconnue
1195	Les Visiteurs 3 - La Revolution
1196	Megalopolis
1258	Les Dieux de l'Égypte
1259	Le Fantome De Canterville
1260	L'attaque des donuts tueurs
1261	Kung Fu Panda 3
1361	resident evil 1
1362	Resident Evil 2 - Apocalypse
1363	Resident Evil 3 - Extinction
1364	resident evil 4 - Afterlife
1365	resident evil 5 - Retribution
1366	Resident Evil 6 - The Final Chapter
1367	À la poursuite de demain
1368	La Famille Addams 2 - Les Valeurs de la Famille Addams
1369	La Famille Addams
1421	Minions 1
1422	Les Tuche
1423	Les Tuche 3 - Liberté, Égalité, Fraternituche
1424	Les Tuche 2
1425	Les Tuche 4
1426	NOOB - Saison 1 intégrale - Version film
1427	NOOB - Saison 2 intégrale - Version film
1428	NOOB - Saison 3 intégrale - Version film
1429	NOOB - Saison 6 intégrale - Version film
1430	NOOB - Saison 7 intégrale - Version film
1431	NOOB - Saison 4 intégrale - Version film
1432	NOOB - Saison 5 intégrale - Version film
1458	La Purge 1
1459	La Purge 2 - Anarchy
1460	Kingsman 1 - The Secret Service
1461	Kingsman 2 - le cercle d'or
1462	Kenshin 3 - La Fin De La Legende
1463	Kenshin 1 - Le Vagabond
1464	kenshin 2 - kyoto inferno
1620	Wolfs
1629	Vol à haut risque
1630	Le Jour où la Terre s'arrêta
1631	Cube 1
1632	Cube 2 - Hypercube
1633	Cube 3 - Cube Zero
1707	The Karate Kid I
1708	The Karate Kid II
1742	Le Roi Lion 3 - Hakuna Matata
1743	Le Roi Lion 2 - L'Honneur de la tribu
1744	Le Roi Lion 1
1745	Asterix Le Gaulois
1746	Asterix et le coup du menhir
1747	Asterix et les indiens
1748	Asterix et les Vikings
1749	Asterix Et La Surprise De Cesar
1750	Asterix chez les bretons
1751	Goblin Slayer - Goblin’s Crown
1752	Maléfique 1
1753	Maléfique 2 - Le Pouvoir du Mal
1762	60 secondes chrono
1763	The Tomorrow War
1782	Umami
1794	Starship Troopers 3 - Marauder
1795	Saw 01
1796	Saw 03
1797	Saw 02
1798	Saw 04
1799	Saw 07
1800	Saw 08
1801	Saw 06
1802	Saw 05
1836	Imaginary
1837	A Quiet Place part 2
1838	A Quiet Place - Day One
1839	A Quiet Place part 1
1840	Migration
1841	Night School
1842	Le Choc des Titans 1
1843	Le Choc des Titans 2 - La Colere Des Titans
1844	Saw 10
1845	Blade
1846	blade 2
1847	Blade 3 - Trinity
1848	X-men 03 - L'Affrontement final
1849	X-men 02
1850	X-men 01
1881	shrek 1
1882	Shrek 4 - il était une fois
1883	Shrek 2
1884	Shrek 3 - Shrek le troisième
1885	Rebel Moon Part Two - L'Entailleuse
1886	Rebel Moon Part One - Enfant du feu
1887	Sherlock Holmes 1
1888	Sherlock Holmes 2 - jeu d'ombres
1889	Star Wars Épisode 4 - un nouvel espoir
1890	Star Wars Épisode 5 - L'empire contre attaque
1891	Star Wars Épisode 6 - Le retour du Jedi
1892	Seven
1893	Putin
1894	NOOB FILM - Les arcanes ultimes
1895	Star Wars Épisode 7 - Le Réveil de la Force
1896	Star Wars Épisode 8 - Les derniers Jedi
1897	Intouchables
1898	Solo - A Star Wars Story
1899	Rogue One - A Star Wars Story
1900	Star Wars Épisode 9 - L’Ascension de Skywalker
2029	Les Indestructibles 1
2030	Les Indestructibles 2
2054	The Gorge
2098	Troy
2210	Star Wars Épisode 1 - La Menace fantôme
2221	Star wars Épisode 2 - L'Attaque des clones
2222	Star wars Épisode 3 - La Revanche des Sith
2242	Fast and Furious 10
2243	Fast and Furious 01
2244	Fast and Furious 02 - 2 Fast 2 Furious
2245	Wolverine - Le Combat de l'Immortel
2246	Fast and Furious 04
2247	Fast and Furious 05
2248	Fast and Furious 06
2249	Fast and Furious 07
2250	Fast and Furious 08
2251	Fast and Furious - Hobbs & Shaw
2252	Fast and Furious 09
2255	Hellboy 2
2256	Hellboy 1
2257	Tremors 1
2258	Tremors 3 - Back to Perfection
2260	Tremors 2 - Aftershocks
2330	47 ronin
2331	13 Hours
2338	X-Men - Apocalypse
2339	Central Intelligence
2340	Vaiana 1 - la légende du bout du monde
2341	Aquaman 1
2342	XXX 3 - Return Of Xander Cage
2343	Terminator 5 - Genisys
2344	Transformers 5 - The Last Knight
2345	Baby Boss 1
2347	Baby Boss 2 - Une affaire de famille
2348	Bienvenue à Zombieland
2349	Terminator 6 - Dark Fate
2350	Zack Snyder's Justice League
2351	Sin City
2355	Sin City 2 - J’ai tué pour elle
2356	The Hitman's Bodyguard 2 - The Hitman's Wife's Bodyguard
2357	Sinister
2358	Tenet
2359	X-Men - Dark Phoenix
2360	Kingdom of Heaven
2361	L'Armée des morts
2362	Hellboy (2019)
2363	Alexandre
2364	Hitman
2365	Godzilla 2 - Roi des monstres
2366	Godzilla VS Kong 1
2368	Mortal Kombat (2021)
2369	Astérix - Le Domaine des Dieux
2370	Astérix - Le Secret de la Potion Magique
2371	Wonder Woman 1984
2372	Scary Movie 3
2373	Bad Boys 3 - Bad Boys for Life
2374	Jumanji 2 - The Next Level
2376	Artemis Fowl
2377	The Predator
2378	Gemini Man
2379	The shining 2 - Doctor Sleep
2380	Un Profil Pour Deux
2381	We Are Still Here
2382	Jumanji 1 - Bienvenue dans la Jungle
2406	Kono Subarashii Sekai ni Shukufuku wo Kurenai Densetsu
2436	Snowpiercer
2577	Solis
2578	Riddick
2579	Les Chroniques De Riddick
2580	Peter Rabbit
2581	La Cité de la peur
2582	Jurassic World 2 - Fallen Kingdom
2583	Les Mondes De Ralph 1
2584	Inglourious Basterds
2585	Baby Driver
2588	Baywatch
2604	Le monde de Dory
2605	La momie 2 - Le Retour de la momie
2606	La Momie 3 - La Tombe de l'Empereur Dragon
2607	La momie 1
2608	Rambo 5 - Last Blood
2609	Godzilla VS Kong 2 - The New Empire
2882	Venom 2 - Let There Be Carnage
2885	Geostorm
2988	Le dernier des templiers
2989	Le Dernier Royaume
3031	Captain America 4 - Brave New World
3114	Bumblebee
3143	My Hero Academia: You're Next
3144	Mickey 17
3154	Jurassic Park 3
3155	Jurassic Park 2 - Le Monde perdu
3156	Jurassic Park 1
3158	Kung Fu Panda 1
3159	Les Rivières Pourpres
3160	Bob l'éponge, le film
3161	Atlas
3162	Sixième sens
3163	Planete B
3164	Kraven - The Hunter
3381	Minecraft, Le film
3382	Absolutely Anything
3383	Santa & cie
3385	Doctor Strange 2 - in the Multiverse of Madness
3386	Red one
3387	Resident Evil Vendetta
3388	Robocop (2014)
3389	Expendables 1 - Unite Speciale
3390	Mission Impossible 6 – Fallout
3421	Armour of God II: Operation Condor
3432	A Working Man
3433	My Next Life as a Villainess: All Routes Lead to Doom! The Movie
3434	Y a-t-il un pilote dans l'avion ?
3659	Destination Finale 1
3660	Destination Finale 5
3661	Destination Finale 3
3662	Destination Finale 2
3665	Destination Finale 4
3676	Les Municipaux, trop c'est trop !
3677	Les Aventures de Spirou et Fantasio
3678	Rampant
3679	Rampage
3680	Ready Player One
3681	Skyscraper
3682	insaisissables 2
3683	The Strangers: Prey at Night
3684	Les Mondes De Ralph 2 - Ralph Breaks the Internet
3685	Doom - Annihilation
3686	Dragon Blade
3687	Mon nom est Personne
3688	Robin des Bois
3689	Robin des Bois, prince des voleurs
3691	Jurassic World 1
3743	Retour vers le futur 1
3744	Retour vers le futur 2
3745	London Has Fallen
3746	La Planète des singe  3 - suprématie
3747	Retour vers le futur 3
3748	Going in style
3749	Green Lantern
3772	Les Tuche 5 - God Save the Tuche
3801	Predator - Killer of Killers
3856	DAFFY et PORKY sauvent le monde
3926	Destination Finale 6 - Bloodlines
3930	Ballerina
3931	Legend of the Condor Heroes - The Gallants
4104	Manhunt
4106	Monsters 1
4107	Monsters 2 - Dark Continent
4130	Thunderbolts
4132	Lilo & Stitch
4133	Free Fall
4137	Un homme en colère
4138	Prey
4139	Sword Art Online Progressive - Scherzo of Deep Night
4140	L'Arme fatale
4141	Jurassic World 3 - Dominion
4142	Cowboys & Aliens
4145	Gekijōban Date A Live – Mayuri Judgement
4174	Exodus - Gods and Kings
4181	Limitless
4182	28 ans plus tard 1
4183	Just a Gigolo
4184	Piégé
4185	Oro La Cité perdue
4186	Le Gangster, le flic & l'assassin
4187	Noe
4188	Le Grand Bleu
4225	Jurassic World 4 - Rebirth
4226	A Dogs Purpose
4227	Acts of Vengeance
4228	The Pickup
4229	Chucky 7 - Le Retour de Chucky
4230	Fury
4231	Le Retour des Charlots
4232	Et vive la liberté !
4233	Les Quatre Charlots mousquetaires 2 - À nous quatre, Cardinal !
4234	Les Bodin’s partent en vrille
4235	Les Fous du Stade
4236	Le Grand Bazar
4237	Les Charlots en délire
4238	Superman (2025)
4239	Master & Commander - de l'autre côté du monde
4253	Mission Impossible 8 – The Final Reckoning
4254	Casper
4255	Avatar 1
4256	100 Millions !
4257	Bushido
4258	Cobra
4259	Dr.Dolittle
4260	Dr.Dolittle 2
4261	Dr.Dolittle 3
4262	Pirates des Caraïbes 1 - La Malédiction du Black Pearl
4263	Pirates des Caraïbes 2 - Le Secret du Coffre Maudit
4264	Dolittle
4265	Chérie, j'ai rétréci les gosses
4273	Pirates des Caraïbes 3 - Jusqu’au bout du monde
4274	Pirates des Caraïbes 4 - La Fontaine de Jouvence
4275	Pirates des Caraïbes 5 - La Vengeance de Salazar
4276	Daylight
4277	Over the Top
4278	F1
4279	Le Retour des bidasses en folie
4280	Les Charlots contre Dracula
4281	La Grande Java
4318	Armor
4419	Les 4 Fantastiques - Premiers pas
4586	Tron 1
4587	Tron 2 - L'Héritage
4663	Comme des bêtes
4664	Comme des bêtes 2
4665	Battleship
4755	Le Flic de Beverly Hills 4 - Axel F.
4756	Le Flic de Beverly Hills 2
4757	Le Flic de Beverly Hills 3
4758	Le Flic de Beverly Hills 1
4759	Spider-Man  3 (Tobey Maguire)
4760	Spider-Man  2 (Tobey Maguire)
4761	Spider-Man 3 - No Way Home (Tom Holland)
4762	Spider-Man  1 (Tobey Maguire)
4819	Atoman
4820	God of the deep
4821	Y a-t-il un flic pour sauver le monde ? (2025)
4822	Dark shadow
4823	Edward Aux Mains D'Argent
4824	The Mask
4828	Dernier train pour Busan
4829	American Psycho
4830	Ace Ventura Pet Detective
4831	Red Heat
4832	Tron 3 - Ares
4833	La Bande a Picsou  le film - Le Tresor de la lampe perdue
4834	Kung Fu Panda 2
4835	Omniscient.Reader.The.Prophecy
4836	Shin Godzilla
4837	One Battle After Another
4839	Le Père Noël est une ordure
4843	The Descent
4919	The Astronaut
4921	Police Story
4922	Kuzco, l'empereur mégalo
4923	City Hunter (2024)
4924	Papy fait de la résistance
4925	The Running Man
4926	Frankenstein (2025)
4927	Chainsaw Man - The Movie Reze Arc
4928	Souviens-toi... l'été dernier (2025)
4931	Next
4935	Ziam.2025
4936	Five Nights at Freddy’s 2
4938	Prisoners of the Ghostland
4939	Predator Badlands
4940	insaisissables 3
4941	Johnny English 1
4942	The Blind Side
4966	Iron sky 2 - Iron Sky: The Coming Race
4967	Iron sky
4969	Mars Attacks !
4970	Anaconda.2025
4971	Zootopia 2
5014	The Wrecking Crew
5015	Submersion
5218	28 Ans plus tard 2 - Le Temple des morts
5219	Terminator 3 - Le Soulèvement des machines
5220	Terminator 2 - Le Jugement Dernier
5221	Reconnu coupable
5234	Terminator 4 - Salvation
5243	Terminator 1
5361	Charlie Et La Chocolaterie partie 1
5362	Charlie Et La Chocolaterie partie 2
5363	Die Hard 5 - Belle journée pour mourir
5364	Assassins Creed
5424	Agents très spéciaux - Code U.N.C.L.E
5425	Haute sécurité
5444	War Machine
5496	Avatar 3
5553	The Super Mario Galaxy Movie
5624	Miss Kobayashi's Dragon Maid - Une dragonne en manque d'amour VF
5643	Citizen Vigilante
5700	Scary Movie 1
5701	Scary Movie 2
5702	Scary Movie 4
5703	Scary movie 5
5755	Overlord - The sacred kingdom
5760	Tomb Raider
5761	Joker
5765	Demon Slayer : Kimetsu no Yaiba - Le film : La Forteresse infinie
5805	Un talent en or massif
5807	Guardians of Time
5808	Immortal Combat
5881	Pokémon - Détective Pikachu
5888	Pokémon, le film 2 - Le Pouvoir est en toi
5889	Pokémon - Le Retour de Mewtwo
5890	Pokémon - Le Maître des Mirages
5893	Pokémon, le film 3 - Le Sort des Zarbi
5894	Pokémon, le film 4 - Célébi, la Voix de la Forêt
5895	Pokémon, le film 6 - Jirachi, le Génie des Vœux
5896	Thor 1
5897	L'Âge de glace 3 - Le Temps des dinosaures
5898	L'Âge de glace 1
5908	Scary Movie 6
5909	The Mandalorian and Grogu
5926	Mon voisin Totoro
5927	le voyage de chihiro
5928	le tombeau des lucioles
5929	le chateau ambulant
5930	Kaamelot 2 - Deuxième volet (partie 1)
5931	Minions 3 - Des Minions et des monstres
5932	Minions 2 - Il était une fois Gru
