SeriesID	Titre
1	Fairy tail - la quête de 100 ans
2	Kaamelott
3	Vidéos YouTube tips IA
4	Arcane
6	La sorcière invincible tueuse de slime depuis 300 ans
7	The mandalorian
8	Stargate Atlantis
9	Joueur du grenier
10	I'll Become a Villainess Who Goes Down in History
11	Stargate SG1
12	Overlord
13	Squid game
14	The Do-Over Damsel Conquers the Dragon Emperor
15	Moon Knight
16	Uzaki-chan wa Asobitai!
17	Kinsou no Vermeil
18	Futoku no guild
19	Akame ga Kill!
20	Good Bye, Dragon Life
21	Loki
22	Tensura Nikki
23	Tensei shitara slime datta ken - OAV
24	Tensei Shitara Slime Datta Ken
25	Tomo-chan is a girl!
26	Monster Musume, Everyday Life with Monster Girls
27	Monster Musume no Oisha-san
28	Goblin Slayer
29	The Healer Who Was Banished From His Party, Is, in Fact, the Strongest
31	Sono Bisque Doll wa Koi wo Suru
32	Stargate Origins
33	World's End Harem
34	Isekai Meikyuu de Harem wo
35	Gate - Jieitai Kanochi nite, Kaku Tatakaeri
36	Fallout
37	Papa Schultz
38	Shogun
39	Isekai onsen paradise
40	Hokkaido gals are super adorable!
42	Alya Sometimes Hides Her Feelings in Russian
43	Arifureta - From Commonplace to World's Strongest
44	L'IA en local (installation et utilisation)
45	Fairy Tail
46	Kaifuku Jutsushi no Yarinaoshi
47	Pseudo Harem
48	Villainess Level 99 I May Be the Hidden Boss But I'm Not the Demon Lord
49	High school of the Dead
50	The demon sword master of excalibur academy
52	Les Simpson
53	Beheneko - The Elf-Girl's Cat is Secretly an S-Ranked Monster
54	Flower and Asura
55	I Have a Crush at Work
56	Ave Mujica - The Die Is Cast
57	Bogus Skill Fruitmaster
58	Headhunted to Another World From Salaryman to Big Four!
59	I May Be a Guild Receptionist, but I'll Solo Any Boss to Clock Out on Time
60	I'm Getting Married to a Girl I Hate in My Class
61	Taboo
62	Medaka Kuroiwa Is Impervious to My Charms
63	I'm Living With an Otaku NEET Kunoichi!
64	The Red Ranger Becomes an Adventurer in Another World
65	Even Given the Worthless "Appraiser" Class, I'm Actually the Strongest
66	I'm a Noble on the Brink of Ruin, So I Might as Well Try Mastering Magic
67	Unnamed Memory
68	I Left My A-Rank Party to Help My Former Students Reach the Dungeon Depths!
69	OKITSURA : Fell in Love with an Okinawan Girl, but I Just Wish I Know What She's Saying
70	Medalist
71	I Want to Escape from Princess Lessons
72	Ubel Blatt
73	Parasyte – Kiseijuu
74	Girlfriend, Girlfriend
75	TenPuru - No One Can Live on Loneliness
76	Welcome to Japan, Ms. Elf!
77	So I'm a Spider, So What?
78	Papy grenier
79	Frieren - beyond journey's end
80	Game of Throne
81	The Witcher
82	Les 100 petites amies qui t'aiment à en mourir
83	Kono Subarashii Sekai ni Shukufuku wo
84	High School DxD
85	Lucifer
87	Mon chat à tout faire est encore tout déprimé
88	Focus T25
89	Arrête de me chauffer, Nagatoro
90	My life as Inukai-san's Dog
91	Mieruko chan
92	mayonaka punch
93	The Girl I Like Forgot Her Glasses
94	the foolish angel dances with the devil
95	The dreaming boy is a realist
96	The Aristocrat's Otherworldly Adventure: Serving Gods Who Go Too Far
97	Shimoneta - A Boring World Where the Concept of Dirty Jokes Doesn’t Exist
98	Seishun Buta Yarou wa Bunny Girl Senpai no Yume wo Minai
99	Rokudenashi Majutsu Koushi to Akashic Records
100	Otomege Sekai wa Mob ni Kibishii Sekai desu
101	Berserk of gluttony
102	Butareba - the story of a man who turned in to a pig
103	16bit sensation - another layer
104	Jitsu wa Watashi wa
105	Joker Game
106	The Rising of the Shield Hero
107	Aventures (JDR)
108	Maou gakuin no futekigousha
109	Sword Art Online
110	Les Survivants (JDR)
111	La Casa De Papel
112	Peter Grill and the Philosopher's Time
113	yu-gi-oh
114	Mushoku tensei - Jobless Reincarnation
115	Kyokou suiri
116	Baka to Test to Shoukanjuu
117	the walking dead
118	Astérix & Obélix - le Combat des Chefs
119	Please Put Them On, Takamine-san
120	Once Upon a Witch's Death
121	Me and the Alien MuMu
122	Yandere Dark Elf She Chased Me All the Way From Another World!
123	Witch Watch
124	Uma Musume Cinderella Gray
125	To Be Hero X
126	The Unaware Atelier Meister
127	The Too-Perfect Saint Tossed Aside by My Fiancé and Sold To Another Kingdom
128	The Brilliant Healer's New Life in the Shadows
129	Demon slayer (Kimetsu no Yaiba)
130	Compass Combat Providence Analysis System
131	A Ninja and an Assassin Under One Roof
132	Catch Me at the Ballpark!
133	Food for the Soul
134	From Old Country Bumpkin to Master Swordsman
135	Kakushite! Makina-san!!
136	Rock Is a Lady's Modesty
137	Sword of the Demon Hunter Kijin Gentosho
138	The Beginning After the End
139	Date a live
140	Date A Live: OVA
141	The Dangers in My Heart
142	The All-devouring Whale Homecoming
143	One Trillion Dollars
144	Rent-A-Girlfriend
145	Foundation
146	The eminence in shadow
147	Mercredi
148	Alien Earth
149	Dealing with Mikadono Sisters Is a Breeze
150	I Was Reincarnated as the 7th Prince so I Can Take My Time Perfecting My Magical Ability
151	Clevatess - Majū no Ō to Akago to Shikabane no Yūsha
152	Welcome to the Outcast's Restaurant!
153	Solo Camping for Two
154	Nyaight of the living cat
155	New Saga
156	There’s No Freaking Way I’ll Be Your Lover! Unless…
157	Bad Girl 
158	Betrothed to My Sister's Ex
159	The Wrong Way to Use Healing Magic
160	Yu-no A Girl Who Chants Love At The Bound Of This World
161	The Shy Hero and the Assassin Princesses
162	Fermat Kitchen
163	Arknights
164	The fragrant flower blooms with dignity
165	Ruri Rocks
166	Cultural Exchange with a Game Centre Girl
167	A Gatherer's Adventure in Isekai
168	A Mangaka’s Weirdly Wonderful Workplace
169	A Star Brighter Than the Sun
170	Alma‑chan Wants to Be a Family! 
171	Apocalypse Bringer Mynoghra - World Conquest Starts with the Civilization of Ruin
172	Call of the Night
173	Chitose Is in the Ramune Bottle
174	Réincarnée en tant que fille du héros légendaire et reine des esprits
180	Inexpressive Kashiwada and Expressive Oota
181	Sylvain Lyve - WTF
182	Watari-kun's ****** Is About to Collapse
183	Spy x family
184	Tougen Anki
185	The Banished Court Magician Aims to Become the Strongest
186	Nukitashi the Animation
187	My Gift Lvl 9999 Unlimited Gacha Backstabbed in a Backwater Dungeon, I'm Out for Revenge!
188	Dusk - Beyond the End of the World
189	My Awkward Senpai
190	Dad Is a Hero, Mom Is a Spirit, I'm a Reincarnator
192	Hero Without a Class Who Even Needs Skills!
193	Kakuriyo -Bed & Breakfast for Spirits-
194	Pass the Monster Meat, Milady!
195	May I Ask for One Final Thing?
196	Mechanical Marie
197	My Friend's Little Sister Has It In for Me!
198	My Status as an Assassin Obviously Exceeds the Hero's
199	Our Last Crusade or the Rise of a New World
200	Private Tutor to the Duke's Daughter
201	The Dark History of the Reincarnated Villainess
202	Pyramid Game
203	Scooped Up by an S-Rank Adventurer!
204	Secrets of the Silent Witch
205	So You’re Raising a Warrior
206	Takopi's Original Sin
207	Tales of Wedding Rings
208	The Fated Magical Princess Who Made Me a Princess
209	Présentation voiture
210	Hell mode
211	Sylvain Lyve - essai
212	the Boys
213	There Was a Cute Girl in the Hero's Party, So I Tried Confessing to Her
214	The Demon King's Daughter is Too Kind!!
215	The Summer Hikaru Died
216	Spider-Noir - Colorized
217	The Warrior Princess and the Barbaric King
218	A Misanthrope Teaches a Class for Demi-Humans
219	Nick cutter et les portes du temps
220	Le Lore le plus Complexe du jeu vidéo (World of Warcraft)
221	Sylvain Lyve - VTECH
222	Mistress Kanan is Devilishly Easy
223	Spider-Noir - Black and White Edition
224	11ANS DE JDG
225	Hero Skill - Achats en ligne
226	Code Geass - Lelouch of the Rebellion
227	The WONDERfools
228	Saga of Tanya the Evil
229	Dies Irae
