SeriesID;ActeursPrincipaux;SourceURL;Note
1;Aya Hirano | Satomi Satou | Tetsuya Kakihara | Yuuichi Nakamura | Sayaka Oohara | Rie Kugimiya | Yui Horie | Yūichi Nakamura | Sayaka Ohara | Satomi Satō;https://www.wikidata.org/wiki/Q124817637;Comédiens de doublage principaux, version japonaise originale Distribution vocale enrichie via Wikidata, limitée aux 10 premiers noms retenus.
2;Alexandre Astier | Lionnel Astier | Joëlle Sevilla | Thomas Cousseau | Anne Girouard | Franck Pitiot | Jean-Christophe Hembert | Simon Astier | Jacques Chambon | Nicolas Gabion;https://www.wikidata.org/wiki/Q599996;Distribution enrichie via Wikidata, limitée aux 10 premiers noms retenus.
3;;;Intitulé générique : aucune œuvre précise identifiable sans lien ou nom de chaîne
4;Hailee Steinfeld | Ella Purnell | Kevin Alejandro | Katie Leung | Jason Spisak | Toks Olagundoye | Harry Lloyd | JB Blanc;https://www.wikidata.org/wiki/Q85518571;Distribution vocale originale Distribution enrichie via Wikidata, limitée aux 10 premiers noms retenus.
6;Aoi Yuuki | Sayaka Harada | Manami Numakura | Kaede Hondo | Minami Tanaka | Sayaka Senbongi | Azumi Waki | Riho Sugiyama | Aoi Yūki | Yukari Tamura;https://www.wikidata.org/wiki/Q124798604;Comédiens de doublage principaux, version japonaise originale Distribution vocale enrichie via Wikidata, limitée aux 10 premiers noms retenus.
7;Pedro Pascal | Katee Sackhoff | Carl Weathers | Giancarlo Esposito | Emily Swallow | Omid Abtahi | Werner Herzog | Nick Nolte | Gina Carano | Ming-Na Wen;https://www.wikidata.org/wiki/Q56876444;Distribution enrichie via Wikidata, limitée aux 10 premiers noms retenus.
8;Joe Flanigan | Torri Higginson | Rachel Luttrell | David Hewlett | Jason Momoa | Paul McGillion | Amanda Tapping | Jewel Staite | Rainbow Sun Francks | Robert Picardo;https://www.wikidata.org/wiki/Q215287;Distribution enrichie via Wikidata, limitée aux 10 premiers noms retenus.
9;Frédéric Molas | Sébastien Rassiat;https://www.wikidata.org/wiki/Q54820004;Distribution enrichie via Wikidata, limitée aux 10 premiers noms retenus.
10;Kanna Nakamura | Kaito Ishikawa | Rie Takahashi | Hiroshi Yanaka | Manaka Iwami | Ryōta Ōsaka | Kōhei Amasaki | Haruki Ishiya | Kento Itō | Ayumu Murase;https://www.wikidata.org/wiki/Q121323776;Comédiens de doublage principaux, version japonaise originale Distribution vocale enrichie via Wikidata, limitée aux 10 premiers noms retenus.
11;Richard Dean Anderson | Michael Shanks | Amanda Tapping | Christopher Judge | Don S. Davis | Ben Browder | Beau Bridges | Claudia Black | Tony Amendola | Corin Nemec;https://www.wikidata.org/wiki/Q187462;Distribution enrichie via Wikidata, limitée aux 10 premiers noms retenus.
12;Satoshi Hino;https://anilist.co/anime/20832;Comédiens de doublage principaux, version japonaise originale
13;Lee Jung-jae | Lee Byung-hun | Wi Ha-joon | Park Hae-soo | Jung Ho-yeon | Oh Yeong-su | Anupam Tripathi | Kim Joo-ryoung | Wi  Ha-jun | Heo Sung-tae;https://www.wikidata.org/wiki/Q106582931;Distribution enrichie via Wikidata, limitée aux 10 premiers noms retenus.
14;Kikunosuke Toya | Shuu Uchida | Shu Uchida | Shiori Izawa | Mari Hino | Tatsumaru Tachibana | Shun'ichi Toki | Yuka Nukui | Ayumi Mano | Kaori Nazuka;https://www.wikidata.org/wiki/Q117894820;Comédiens de doublage principaux, version japonaise originale Distribution vocale enrichie via Wikidata, limitée aux 10 premiers noms retenus.
15;Oscar Isaac | May Calamawy | F. Murray Abraham | Ethan Hawke | Khalid Abdalla | Gaspard Ulliel;https://www.wikidata.org/wiki/Q84712802;Distribution enrichie via Wikidata, limitée aux 10 premiers noms retenus.
16;Naomi Oozora | Kenji Akabane | Naomi Ōzora | Ayana Taketatsu | Tomoya Takagi | Yōsuke Akimoto | Saori Hayami | Yūko Sanpei;https://www.wikidata.org/wiki/Q107985035;Comédiens de doublage principaux, version japonaise originale Distribution vocale enrichie via Wikidata, limitée aux 10 premiers noms retenus.
17;Yuuya Hirose | Maaya Uchida | Wakana Kuramochi | Yūya Hirose | Yū Okano | Kaori Ishihara | Sakura Nakamura | Kana Hanazawa | Kazuyuki Okitsu | Riho Sugiyama;https://www.wikidata.org/wiki/Q112225220;Comédiens de doublage principaux, version japonaise originale Distribution vocale enrichie via Wikidata, limitée aux 10 premiers noms retenus.
18;Karin Isobe | Katsumi Fukuhara | Ayano Shibuya | You Taichi | Yuna Kamakura | Saho Shirasu | Yō Taichi | Rumi Ōkubo | Yūyu Shōji;https://www.wikidata.org/wiki/Q111187956;Comédiens de doublage principaux, version japonaise originale Distribution vocale enrichie via Wikidata, limitée aux 10 premiers noms retenus.
19;Sora Amamiya | Souma Saitou | Yuu Asakawa | Yukari Tamura | Yoshitsugu Matsuoka | Sōma Saitō | Yū Asakawa | Mamiko Noto | Katsuyuki Konishi | Risa Mizuno;https://www.wikidata.org/wiki/Q57312224;Comédiens de doublage principaux, version japonaise originale Distribution vocale enrichie via Wikidata, limitée aux 10 premiers noms retenus.
20;Hitomi Sekine | Shunsuke Takeuchi | Ayaka Oohashi | Ayaka Ōhashi | Akane Matsunaga | Mikoi Sasaki | Shōya Ishige | Yurina Amami | Madoka Asahina | Masaaki Mizunaka;https://www.wikidata.org/wiki/Q124852924;Comédiens de doublage principaux, version japonaise originale Distribution vocale enrichie via Wikidata, limitée aux 10 premiers noms retenus.
21;Tom Hiddleston | Owen Wilson | Sophia Di Martino | Gugu Mbatha-Raw | Wunmi Mosaku | Ke Huy Quan | Richard E. Grant | DeObia Oparei | Eugene Cordero | Jonathan Majors;https://www.wikidata.org/wiki/Q64349029;Distribution enrichie via Wikidata, limitée aux 10 premiers noms retenus.
22;Miho Okasaki | Tomoaki Maeno | Yumiri Hanamori | Takaya Hashi | Sayaka Senbongi | Mao Ichimichi | Kanehira Yamamoto | Taro Yamaguchi | Atsushi Ono | Jun Fukushima;https://www.wikidata.org/wiki/Q106397102;Comédiens de doublage principaux, version japonaise originale Distribution vocale enrichie via Wikidata, limitée aux 10 premiers noms retenus.
23;Makoto Furukawa | Megumi Toyoguchi | Sayaka Senbongi | Miho Okasaki | Mao Ichimichi;https://anilist.co/anime/106509;Comédiens de doublage principaux, version japonaise originale
24;Miho Okasaki | Takuma Terashima | Tomoaki Maeno | Yumiri Hanamori | Kanehira Yamamoto | Haruki Ishiya | Asuna Tomari | Kenji Nomura | Atsushi Ono | Rina Hidaka;https://www.wikidata.org/wiki/Q96408046;Comédiens de doublage principaux, version japonaise originale Distribution vocale enrichie via Wikidata, limitée aux 10 premiers noms retenus.
25;Rie Takahashi | Rina Hidaka | Sally Amaki | Kaito Ishikawa | Kōhei Amasaki | Yoshitsugu Matsuoka;https://www.wikidata.org/wiki/Q112892635;Comédiens de doublage principaux, version japonaise originale Distribution vocale enrichie via Wikidata, limitée aux 10 premiers noms retenus.
26;Junji Majima | Sora Amamiya | Ari Ozawa | Mayuka Nomura | Natsuki Aikawa | Haruka Yamazaki | Sakura Nakamura | Ai Kakuma | Yū Kobayashi | Rei Mochizuki;https://www.wikidata.org/wiki/Q61642210;Comédiens de doublage principaux, version japonaise originale Distribution vocale enrichie via Wikidata, limitée aux 10 premiers noms retenus.
27;Saori Oonishi | Shunichi Toki | Shun'ichi Toki | Saori Ōnishi | Sarah Emi Bridcutt | Yukiyo Fujii | Yū Shimamura | Atsumi Tanezaki | Maki Kawase | Sayumi Suzushiro;https://www.wikidata.org/wiki/Q98590343;Comédiens de doublage principaux, version japonaise originale Distribution vocale enrichie via Wikidata, limitée aux 10 premiers noms retenus.
28;Yuuichirou Umehara | Yui Ogura;https://anilist.co/anime/101165;Comédiens de doublage principaux, version japonaise originale
29;Kenshou Ono | Kaori Maeda | Kensho Ono | Hina Tachibana | Ayaka Asai | Yūichirō Umehara | Shun'ichi Toki | Marie Hashimoto | Rie Hikisaka | Toshiya Miyata;https://www.wikidata.org/wiki/Q124357854;Comédiens de doublage principaux, version japonaise originale Distribution vocale enrichie via Wikidata, limitée aux 10 premiers noms retenus.
31;Shouya Ishige | Hina Suguta | Shōya Ishige | Atsumi Tanezaki | Hina Yōmiya | Tomoyo Takayanagi | Atsushi Ono | Larissa Tago Takeda | Yūka Amemiya | Akira Sekine;https://www.wikidata.org/wiki/Q133467117;Comédiens de doublage principaux, version japonaise originale Distribution vocale enrichie via Wikidata, limitée aux 10 premiers noms retenus.
32;Ellie Gall | Connor Trinneer | Aylam Orian | Philip Alexander | Shvan Aladdin;https://www.wikidata.org/wiki/Q39072059;Distribution enrichie via Wikidata, limitée aux 10 premiers noms retenus.
33;Taichi Ichikawa | Haruka Shiraishi | Shizuka Ishigami | Ayana Taketatsu | Kazuki Ura | Takuya Eguchi | Yō Taichi | Aya Yamane | Keiko Watanabe | Yurie Kozakai;https://www.wikidata.org/wiki/Q98582166;Comédiens de doublage principaux, version japonaise originale Distribution vocale enrichie via Wikidata, limitée aux 10 premiers noms retenus.
34;Shiori Mikami | Taku Yashiro | Kenta Miyake;https://www.wikidata.org/wiki/Q104145204;Comédiens de doublage principaux, version japonaise originale Distribution vocale enrichie via Wikidata, limitée aux 10 premiers noms retenus.
35;Risa Taneda | Nao Touyama | Hisako Kanemoto | Haruka Tomatsu | Junichi Suwabe | Nao Tōyama | Maaya Uchida | Satomi Akesaka | Yōko Hikasa | Kaito Ishikawa;https://www.wikidata.org/wiki/Q125699299;Comédiens de doublage principaux, version japonaise originale Distribution vocale enrichie via Wikidata, limitée aux 10 premiers noms retenus.
36;Ella Purnell | Aaron Moten | Kyle MacLachlan | Moisés Arias | Xelia Mendes-Jones | Walton Goggins | Frances Turner | Sarita Choudhury | Leslie Uggams | Johnny Pemberton;https://www.wikidata.org/wiki/Q113127312;Distribution enrichie via Wikidata, limitée aux 10 premiers noms retenus.
37;Bob Crane | Werner Klemperer | John Banner | Robert Clary | Richard Dawson | Ivan Dixon | Larry Hovis | Kenneth Washington;https://www.wikidata.org/wiki/Q431917;Titre original : Hogan's Heroes Distribution enrichie via Wikidata, limitée aux 10 premiers noms retenus.
38;Hiroyuki Sanada | Cosmo Jarvis | Anna Sawai | Tadanobu Asano | Takehiro Hira | Tommy Bastow | Fumi Nikaido | Tokuma Nishioka | Ako | Shinnosuke Abe;https://www.wikidata.org/wiki/Q56276181;Distribution enrichie via Wikidata, limitée aux 10 premiers noms retenus.
39;Shouhei Tokiwa;https://anilist.co/anime/171019;Comédiens de doublage principaux, version japonaise originale
40;Ayane Sakura | Nobunaga Shimazaki | Yumiri Hanamori | Reina Ueda | Mariko Nagai | Yurika Kubo | Yoshitsugu Matsuoka | Eri Kitamura | Rika Nagae;https://www.wikidata.org/wiki/Q115734786;Comédiens de doublage principaux, version japonaise originale Distribution vocale enrichie via Wikidata, limitée aux 10 premiers noms retenus.
42;Sumire Uesaka | Kouhei Amasaki | Kōhei Amasaki | Wakana Maruoka | Yukiyo Fujii | Saya Aizawa | Ikumi Hasegawa | Maki Kawase | Yoshino Aoyama | Kaito Ishikawa;https://www.wikidata.org/wiki/Q130320668;Comédiens de doublage principaux, version japonaise originale Distribution vocale enrichie via Wikidata, limitée aux 10 premiers noms retenus.
43;Yuuki Kuwahara | Toshinari Fukamachi | Minami Takahashi | Youko Hikasa;https://anilist.co/anime/100668;Comédiens de doublage principaux, version japonaise originale
44;;;Intitulé générique : aucune œuvre précise identifiable sans lien ou nom de chaîne
45;Aya Hirano | Sayaka Oohara | Satomi Satou | Rie Kugimiya | Yui Horie | Tetsuya Kakihara | Yuuichi Nakamura | Yūichi Nakamura | Sayaka Ohara | Satomi Satō;https://www.wikidata.org/wiki/Q16510277;Comédiens de doublage principaux, version japonaise originale Distribution vocale enrichie via Wikidata, limitée aux 10 premiers noms retenus.
46;Ayano Shibuya | Shizuka Ishigami | Yuuya Hozumi | Natsuki Aikawa | Minami Tsuda | Natsumi Takamori | Yuya Hozumi | Tetsu Inada | Mami Fujita;https://www.wikidata.org/wiki/Q101079462;Comédiens de doublage principaux, version japonaise originale Distribution vocale enrichie via Wikidata, limitée aux 10 premiers noms retenus.
47;Nobuhiko Okamoto | Saori Hayami | Mai Narumi | Junichi Suwabe | Kōji Yusa | Maria Abo | Minako Satō;https://www.wikidata.org/wiki/Q117482731;Comédiens de doublage principaux, version japonaise originale Distribution vocale enrichie via Wikidata, limitée aux 10 premiers noms retenus.
48;Fairouz Ai | Yuuma Uchida | Yuma Uchida | Azumi Waki | Taku Yashiro | Haruki Ishiya | Kōhei Amasaki | Rina Hidaka;https://www.wikidata.org/wiki/Q117288438;Comédiens de doublage principaux, version japonaise originale Distribution vocale enrichie via Wikidata, limitée aux 10 premiers noms retenus.
49;Junichi Suwabe | Nobuyuki Hiyama | Miyuki Sawashiro | Marina Inoue | Eri Kitamura | Yukari Fukui | Ayana Taketatsu | Maon Kurosaki;https://www.wikidata.org/wiki/Q120562331;Comédiens de doublage principaux, version japonaise originale Distribution vocale enrichie via Wikidata, limitée aux 10 premiers noms retenus.
50;Yui Ishikawa | Daisuke Hirakawa | Marina Inoue | Honoka Kuroki | Aya Suzaki | Arisa Nakada | Hiromi Igarashi | Tomofumi Ikezoe | Ai Kakuma;https://www.wikidata.org/wiki/Q109025546;Comédiens de doublage principaux, version japonaise originale Distribution vocale enrichie via Wikidata, limitée aux 10 premiers noms retenus.
52;Dan Castellaneta | Julie Kavner | Nancy Cartwright | Yeardley Smith | Hank Azaria | Harry Shearer;https://www.wikidata.org/wiki/Q886;Distribution vocale principale originale. Distribution enrichie via Wikidata, limitée aux 10 premiers noms retenus.
53;Riho Sugiyama | Hinaki Yano | Tasuku Hatanaka | Tomori Kusunoki | Hitomi Ueda | Nonoka Ōbuchi | Yū Wakui;https://www.wikidata.org/wiki/Q124972632;Comédiens de doublage principaux, version japonaise originale. Distribution vocale enrichie via Wikidata, limitée aux 10 premiers noms retenus.
54;Minori Fujidera | Miyuri Shimabukuro | Fūka Izumi | Shōya Chiba | Seiichirō Yamashita | Kiyono Yasuno | Taito Ban | Kōji Yusa | Yōko Hikasa;https://www.wikidata.org/wiki/Q126531251;Comédiens de doublage principaux, version japonaise originale. Distribution vocale enrichie via Wikidata, limitée aux 10 premiers noms retenus.
55;Seiichirou Yamashita | Yume Miyamoto | Seiichirō Yamashita | Shizuka Itō | Reiō Tsuchida | Yō Taichi | Misaki Watada | Sora Tokui | Kentarō Tone | Kensho Ono;https://www.wikidata.org/wiki/Q127692579;Comédiens de doublage principaux, version japonaise originale. Distribution vocale enrichie via Wikidata, limitée aux 10 premiers noms retenus.
56;Kanon Takao | Mei Okada | Yuzuki Watase | Rico Sasaki | Akane Yonezawa | Hina Yōmiya | Rin Tateishi | Coco Hayashi | Mika Kohinata | Raychell;https://www.wikidata.org/wiki/Q122538117;Comédiens de doublage principaux, version japonaise originale. Distribution vocale enrichie via Wikidata, limitée aux 10 premiers noms retenus.
57;Haruna Mikawa | Lynn | Hana Tamegai | Takuma Nagatsuka | Akira Sekine | Sayaka Ohara | Ai Kakuma | Katsuhisa Hōki | Takehito Koyasu;https://www.wikidata.org/wiki/Q126375429;Comédiens de doublage principaux, version japonaise originale. Distribution vocale enrichie via Wikidata, limitée aux 10 premiers noms retenus.
58;Konomi Kohara | Yuuki Ono | Yūki Ono | Akio Ōtsuka | Takanori Hoshino | Nene Hieda | Chitose Morinaga | Ayami Tsukui | Hidenobu Kiuchi | Kengo Kawanishi;https://www.wikidata.org/wiki/Q127687361;Comédiens de doublage principaux, version japonaise originale. Distribution vocale enrichie via Wikidata, limitée aux 10 premiers noms retenus.
59;Rie Takahashi | Kentarou Kumagai | Kentarō Kumagai | Aoi Koga | Rikuya Yasuda | Yū Serizawa | Ken'ichirō Matsuda | Ryoka Yuzuki | Jun Fukushima | Shōhei Tabuchi;https://www.wikidata.org/wiki/Q120669696;Comédiens de doublage principaux, version japonaise originale. Distribution vocale enrichie via Wikidata, limitée aux 10 premiers noms retenus.
60;Hinaki Yano | Shougo Sakata | Shōgo Sakata | Sayumi Suzushiro | Nene Hieda | Hōchū Ōtsuka | Fumi Hirano | Kaori Maeda;https://www.wikidata.org/wiki/Q126896100;Comédiens de doublage principaux, version japonaise originale. Distribution vocale enrichie via Wikidata, limitée aux 10 premiers noms retenus.
61;Tom Hardy | Oona Chaplin | Jessie Buckley | Leo Bill | David Hayman | Jonathan Pryce | Oona Castilla Chaplin | Edward Fox | Jefferson Hall | Nicholas Woodeson;https://www.wikidata.org/wiki/Q17021920;Distribution enrichie via Wikidata, limitée aux 10 premiers noms retenus.
62;Yuu Serizawa | Ryouta Iwasaki | Hinaki Yano | Sora Amamiya | Yū Serizawa | Ryōta Iwasaki;https://www.wikidata.org/wiki/Q125914887;Comédiens de doublage principaux, version japonaise originale. Distribution vocale enrichie via Wikidata, limitée aux 10 premiers noms retenus.
63;Hinaki Yano | Shouya Ishige | Shōya Ishige | Fairouz Ai | Saya Aizawa | Hina Kino | Shō Nogami | Manatsu Murakami | Yui Horie | Mayu Sagara;https://www.wikidata.org/wiki/Q124475035;Comédiens de doublage principaux, version japonaise originale. Distribution vocale enrichie via Wikidata, limitée aux 10 premiers noms retenus.
64;Konomi Inagaki | Tomoya Itou | Tomoya Itō | Minami Tanaka | Tomohiro Ōno | Haruka Shiraishi | Makoto Furukawa | Ryoko Shiraishi | Hiroyuki Yoshino | Kenichi Suzumura;https://www.wikidata.org/wiki/Q128787228;Comédiens de doublage principaux, version japonaise originale. Distribution vocale enrichie via Wikidata, limitée aux 10 premiers noms retenus.
65;Kikunosuke Toya | Yuu Serizawa | Hikaru Toono | Sayumi Suzushiro | Hikaru Tōno | Yū Serizawa | Minami Tsuda | Kana Ichinose | Aimi | Takeo Ōtsuka;https://www.wikidata.org/wiki/Q126904687;Comédiens de doublage principaux, version japonaise originale. Distribution vocale enrichie via Wikidata, limitée aux 10 premiers noms retenus.
66;Ayumu Murase | Tomokazu Sugita | Rie Kugimiya | Haruka Tomatsu | Saori Hayami | Shizuka Itō | Takehito Koyasu | Yūya Hirose | Ryūichi Kijima | Yume Miyamoto;https://www.wikidata.org/wiki/Q124846374;Comédiens de doublage principaux, version japonaise originale. Distribution vocale enrichie via Wikidata, limitée aux 10 premiers noms retenus.
67;Atsumi Tanezaki | Yoshiki Nakajima;https://anilist.co/anime/158709;Comédiens de doublage principaux, version japonaise originale.
68;Hiromu Mineta | Natsumi Kawaida | Nene Hieda | Hana Inami | Maria Sashide | Mao Ichimichi | Yoshiki Nakajima | Sekai | Yoshino Nanjō | Tsuyoshi Koyama;https://www.wikidata.org/wiki/Q135110647;Comédiens de doublage principaux, version japonaise originale. Distribution vocale enrichie via Wikidata, limitée aux 10 premiers noms retenus.
69;Takeo Ootsuka | Akari Kitou | Fairouz Ai | Takeo Ōtsuka | Akari Kitō | Etsuko Kozakura | Shino Shimoji | Shūgo Nakamura | Kentarō Kumagai | Yamato Kinjō;https://www.wikidata.org/wiki/Q120245371;Comédiens de doublage principaux, version japonaise originale. Distribution vocale enrichie via Wikidata, limitée aux 10 premiers noms retenus.
70;Natsumi Haruse | Takeo Ootsuka | Takeo Ōtsuka | Kana Ichinose | Yuma Uchida | Makoto Koichi | Hina Kino | Megumi Toda | Kotori Koiwai | Takahiro Miyake;https://www.wikidata.org/wiki/Q133697983;Comédiens de doublage principaux, version japonaise originale. Distribution vocale enrichie via Wikidata, limitée aux 10 premiers noms retenus.
71;Haruka Shiraishi | Jun Fukuyama | Wataru Hatano | Yuka Saitō | Shun Horie | Shun'ichi Toki | Mie Sonozaki | Rie Suegara;https://www.wikidata.org/wiki/Q123272329;Comédiens de doublage principaux, version japonaise originale. Distribution vocale enrichie via Wikidata, limitée aux 10 premiers noms retenus.
72;Yuuya Hirose | Yūya Hirose | Hina Tachibana;https://www.wikidata.org/wiki/Q124650313;Comédiens de doublage principaux, version japonaise originale. Distribution vocale enrichie via Wikidata, limitée aux 10 premiers noms retenus.
73;Nobunaga Shimazaki | Aya Hirano;https://anilist.co/anime/20623;Comédiens de doublage principaux, version japonaise originale.
74;Ayane Sakura | Azumi Waki | Ayana Taketatsu | Junya Enoki | Rie Takahashi;https://anilist.co/anime/126192;Comédiens de doublage principaux, version japonaise originale.
75;Masayuki Akasaka | Aimi | Nanami Yamashita | Chiaki Takahashi | Yuu Serizawa | Sumire Uesaka | Madoka Asahina | Yū Serizawa | Chika Anzai;https://www.wikidata.org/wiki/Q116250122;Comédiens de doublage principaux, version japonaise originale. Distribution vocale enrichie via Wikidata, limitée aux 10 premiers noms retenus.
76;Yuusuke Kobayashi | Kaede Hondo | Yūsuke Kobayashi | Yumi Uchiyama | Rico Sasaki | Showtaro Morikubo | Sayuri Yahagi | Kenji Hamada | Marina Inoue | Shigeru Chiba;https://www.wikidata.org/wiki/Q124033398;Comédiens de doublage principaux, version japonaise originale. Distribution vocale enrichie via Wikidata, limitée aux 10 premiers noms retenus.
77;Aoi Yuuki | Shun Horie | Aoi Yūki | Kikuko Inoue | Eri Kitamura | Kaya Okuno | Kaito Ishikawa | Junya Enoki | Nao Tōyama | Yui Ogura;https://www.wikidata.org/wiki/Q64497144;Comédiens de doublage principaux, version japonaise originale. Distribution vocale enrichie via Wikidata, limitée aux 10 premiers noms retenus.
78;Frédéric Molas | Sébastien Rassiat;https://www.wikidata.org/wiki/Q54820004;Distribution enrichie via Wikidata, limitée aux 10 premiers noms retenus.
79;Atsumi Tanezaki | Chiaki Kobayashi | Kana Ichinose | Nobuhiko Okamoto | Hiroki Tōchi | Yōji Ueda | Atsuko Tanaka | Hiroki Yasumoto | Ayana Taketatsu | Junichi Suwabe;https://www.wikidata.org/wiki/Q130377145;Comédiens de doublage principaux, version japonaise originale. Distribution vocale enrichie via Wikidata, limitée aux 10 premiers noms retenus.
80;Peter Dinklage | Kit Harington | Emilia Clarke | Lena Headey | Nikolaj Coster-Waldau | Sean Bean | Iain Glen | Sophie Turner | Maisie Williams | Isaac Hempstead-Wright;https://www.wikidata.org/wiki/Q23572;Distribution enrichie via Wikidata, limitée aux 10 premiers noms retenus.
81;Henry Cavill | Liam Hemsworth | Anya Chalotra | Freya Allan | Joey Batey | Jodhi May | Björn Hlynur Haraldsson | Adam Levy | MyAnna Buring | Mimî M. Khayisa;https://www.wikidata.org/wiki/Q47500433;Distribution enrichie via Wikidata, limitée aux 10 premiers noms retenus.
82;Wataru Katou | Miyu Tomita | Kaede Hondo | Maria Naganawa | Asami Seto | Ayaka Asai | Sumire Uesaka | Wataru Katō | Shigeru Chiba | Suzuko Mimori;https://www.wikidata.org/wiki/Q123992521;Comédiens de doublage principaux, version japonaise originale. Distribution vocale enrichie via Wikidata, limitée aux 10 premiers noms retenus.
83;Rie Takahashi | Sora Amamiya | Ai Kayano | Jun Fukushima | Yui Horie | Ayaka Suwa | Sayuri Hara | Tetsu Inada | Hiroki Yasumoto | Takuya Eguchi;https://www.wikidata.org/wiki/Q112171594;Comédiens de doublage principaux, version japonaise originale. Distribution vocale enrichie via Wikidata, limitée aux 10 premiers noms retenus.
84;Ayana Taketatsu | Kenji Nojima | Yuuki Kaji | Shizuka Itou | Youko Hikasa | Azumi Asakura;https://anilist.co/anime/11617;Comédiens de doublage principaux, version japonaise originale.
85;Tom Ellis | Lauren German | Kevin Alejandro | D. B. Woodside | Lesley-Ann Brandt | Rachael Harris | Tricia Helfer | Aimee Garcia | Tom Welling | Kevin Rankin;https://www.wikidata.org/wiki/Q19520525;Distribution enrichie via Wikidata, limitée aux 10 premiers noms retenus.
87;Hiroki Yasumoto | Yui Ishikawa | Ai Kakuma | Katsuyuki Konishi | Mao Ichimichi | Miyu Irino | Ayana Taketatsu | Yōko Hikasa | Tamie Kubota | Satomi Satō;https://www.wikidata.org/wiki/Q112173737;Comédiens de doublage principaux, version japonaise originale. Distribution vocale enrichie via Wikidata, limitée aux 10 premiers noms retenus.
88;Shaun T;https://images.beachbody.com/coach-office/downloads/t25_tools/T25_PTG_Apr2013_FM.pdf;Présentateur et entraîneur principal.
89;Sumire Uesaka | Daiki Yamashita | Mikako Komatsu | Aina Suzuki | Shiori Izawa | Nana Mizuki;https://www.wikidata.org/wiki/Q111552701;Comédiens de doublage principaux, version japonaise originale. Distribution vocale enrichie via Wikidata, limitée aux 10 premiers noms retenus.
90;Saya Aizawa | Shuuichirou Umeda | Shūichirō Umeda | Mayu Sagara | Yurie Kozakai;https://www.wikidata.org/wiki/Q113954020;Comédiens de doublage principaux, version japonaise originale. Distribution vocale enrichie via Wikidata, limitée aux 10 premiers noms retenus.
91;Sora Amamiya | Ayane Sakura | Kaede Hondo | Yūichi Nakamura | Yumiri Hanamori | Ikuko Tani | Hitomi Nabatame | Kōsuke Toriumi | Nobuo Tobita;https://www.wikidata.org/wiki/Q106097113;Comédiens de doublage principaux, version japonaise originale. Distribution vocale enrichie via Wikidata, limitée aux 10 premiers noms retenus.
92;Ikumi Hasegawa | Fairouz Ai | Yuina Itou | Hina Youmiya | Hitomi Ueda | Yuina Itō | Hina Yōmiya | Ai Kayano | Chika Anzai | Reina Kondō;https://www.wikidata.org/wiki/Q124359950;Comédiens de doublage principaux, version japonaise originale. Distribution vocale enrichie via Wikidata, limitée aux 10 premiers noms retenus.
93;Shion Wakayama | Masahiro Itou | Masahiro Itō | Aya Uchida | Minori Suzuki | Ryōhei Kimura | Yūsuke Kobayashi | Shino Shimoji | Saki Miyashita | Kentarō Tone;https://www.wikidata.org/wiki/Q116198437;Comédiens de doublage principaux, version japonaise originale. Distribution vocale enrichie via Wikidata, limitée aux 10 premiers noms retenus.
94;Yuuma Uchida | Ayane Sakura | Yuma Uchida | Shūichirō Umeda | Shun'ichi Toki | Nao Tōyama | Rie Kugimiya | Kazuhiro Yamaji | Masako Nozawa | Mayumi Tanaka;https://www.wikidata.org/wiki/Q117841659;Comédiens de doublage principaux, version japonaise originale. Distribution vocale enrichie via Wikidata, limitée aux 10 premiers noms retenus.
95;Akiho Suzumoto | Naoya Miyase | Yumiri Hanamori | Mikako Komatsu | Kaori Ishihara | Iori Saeki | Minami Kurisaka;https://www.wikidata.org/wiki/Q115269432;Comédiens de doublage principaux, version japonaise originale. Distribution vocale enrichie via Wikidata, limitée aux 10 premiers noms retenus.
96;Yoshino Nanjou | Yoshino Nanjō | Aya Uchida | Manaka Iwami | Miharu Hanai | Natsu Yorita | Kōsuke Toriumi | Aki Toyosaki | Tomomichi Nishimura | Hidenari Ugaki;https://www.wikidata.org/wiki/Q115620193;Comédiens de doublage principaux, version japonaise originale. Distribution vocale enrichie via Wikidata, limitée aux 10 premiers noms retenus.
97;Yuusuke Kobayashi | Shizuka Ishigami | Miyu Matsuki | Satomi Arai;https://anilist.co/anime/20910;Comédiens de doublage principaux, version japonaise originale.
98;Kaito Ishikawa | Asami Seto | Yurika Kubo | Atsumi Tanezaki | Maaya Uchida | Nao Touyama;https://anilist.co/anime/101291;Comédiens de doublage principaux, version japonaise originale.
99;Souma Saitou | Akane Fujita | Yume Miyamoto | Sōma Saitō | Ari Ozawa | Eri Kitamura | Hiroki Takahashi | Yōko Hikasa | Minako Kotobuki | Takuto Yoshinaga;https://www.wikidata.org/wiki/Q116246446;Comédiens de doublage principaux, version japonaise originale. Distribution vocale enrichie via Wikidata, limitée aux 10 premiers noms retenus.
100;Takeo Ootsuka | Kana Ichinose | Fairouz Ai;https://anilist.co/anime/142074;Comédiens de doublage principaux, version japonaise originale.
101;Ryouta Oosaka | Ryōta Ōsaka | Tomokazu Seki | Hisako Tōjō | Misato Matsuoka | Hitomi Sekine | Daisuke Hirakawa | Kenji Sugimura | Makoto Koichi | Takehito Koyasu;https://www.wikidata.org/wiki/Q115768736;Comédiens de doublage principaux, version japonaise originale. Distribution vocale enrichie via Wikidata, limitée aux 10 premiers noms retenus.
102;Yoshitsugu Matsuoka | Tomori Kusunoki | Miyu Tomita | Kento Itō;https://www.wikidata.org/wiki/Q110060930;Comédiens de doublage principaux, version japonaise originale. Distribution vocale enrichie via Wikidata, limitée aux 10 premiers noms retenus.
103;Aoi Koga | Atsushi Abe | Ayako Kawasumi | Yui Horie | Kentarō Itō | Jun Fukushima | Aya Yamane;https://www.wikidata.org/wiki/Q117303887;Comédiens de doublage principaux, version japonaise originale. Distribution vocale enrichie via Wikidata, limitée aux 10 premiers noms retenus.
104;Yuu Serizawa | Natsuki Hanae | Inori Minase | Mao Ichimichi | Reina Ueda;https://anilist.co/anime/21033;Comédiens de doublage principaux, version japonaise originale.
105;Kenyuu Horiuchi | Tomokazu Seki | Hiro Shimono;https://anilist.co/anime/21291;Comédiens de doublage principaux, version japonaise originale.
106;Kaito Ishikawa | Asami Seto | Rina Hidaka | Makoto Takahashi | Yoshitsugu Matsuoka | Yoshitaka Yamaya | Maaya Uchida;https://www.wikidata.org/wiki/Q110896842;Comédiens de doublage principaux, version japonaise originale. Distribution vocale enrichie via Wikidata, limitée aux 10 premiers noms retenus.
107;Mahyar Shakeri | Frédéric Molas | Sébastien Rassiat | Bob Lennon | Krayn;https://www.ligue-ludique.fr/aventures/;Participants principaux du jeu de rôle filmé.
108;Tatsuhisa Suzuki | Tomori Kusunoki | Yuuko Natsuyoshi | Yūko Natsuyoshi | Takuma Terashima | Nene Hieda | Sayumi Watabe | Ami Koshimizu | Ai Kakuma | Kaori Ishihara;https://www.wikidata.org/wiki/Q111597206;Comédiens de doublage principaux, version japonaise originale. Distribution vocale enrichie via Wikidata, limitée aux 10 premiers noms retenus.
109;Yoshitsugu Matsuoka | Ayana Taketatsu | Haruka Tomatsu;https://anilist.co/anime/11757;Comédiens de doublage principaux, version japonaise originale.
110;Mahyar Shakeri | Frédéric Molas | Sébastien Rassiat | Bob Lennon | Krayn;https://www.youtube.com/@bazardugrenier;Participants principaux du jeu de rôle filmé.
111;Úrsula Corberó | Álvaro Morte | Itziar Ituño | Pedro Alonso | Alba Flores | Jaime Lorente;https://www.wikidata.org/wiki/Q95711610;Distribution enrichie via Wikidata, limitée aux 10 premiers noms retenus.
112;Hiro Shimono;https://anilist.co/anime/111965;Comédiens de doublage principaux, version japonaise originale.
113;Shunsuke Kazama | Maki Saitou | Takayuki Kondou | Rica Matsumoto | Hiroki Takahashi | Kenjirou Tsuda;https://anilist.co/anime/481;Comédiens de doublage principaux, version japonaise originale.
114;Ai Kayano | Yumi Uchiyama | Ai Kakuma | Konomi Kohara | Daisuke Namikawa | Tomokazu Sugita | Toshiyuki Morikawa | Hisako Kanemoto | Lynn | Megumi Toyoguchi;https://www.wikidata.org/wiki/Q111549837;Comédiens de doublage principaux, version japonaise originale. Distribution vocale enrichie via Wikidata, limitée aux 10 premiers noms retenus.
115;Mamoru Miyano | Akari Kitou;https://anilist.co/anime/107201;Comédiens de doublage principaux, version japonaise originale.
116;Emiri Katou | Hiro Shimono | Hitomi Harada | Kaori Mizuhashi | Kouki Miyata | Tatsuhisa Suzuki | Tomomi Isomura | Emiri Katō | Kōki Miyata | Akio Ōtsuka;https://www.wikidata.org/wiki/Q107015802;Comédiens de doublage principaux, version japonaise originale. Distribution vocale enrichie via Wikidata, limitée aux 10 premiers noms retenus.
117;Andrew Lincoln | Norman Reedus | Melissa McBride | Danai Gurira | Lauren Cohan | Jeffrey Dean Morgan | Jon Bernthal | Sarah Wayne Callies | Laurie Holden | Jeffrey DeMunn;https://www.wikidata.org/wiki/Q232737;Distribution enrichie via Wikidata, limitée aux 10 premiers noms retenus.
118;Alain Chabat | Gilles Lellouche | Alexandre Astier | Géraldine Nakache | Grégoire Ludig | Thierry Lhermitte | Laurent Lafitte;https://asterix.com/films/asterix-et-obelix-le-combat-des-chefs/;Distribution vocale principale française.
119;Yurika Kubo | Daisuke Kasuya | Sumire Uesaka | Miyu Tomita;https://www.wikidata.org/wiki/Q128292443;Comédiens de doublage principaux, version japonaise originale. Distribution vocale enrichie via Wikidata, limitée aux 10 premiers noms retenus.
120;Yoshino Aoyama | Yoshiko Sakakibara | Miharu Hanai | Aina Suzuki | Rumi Ōkubo | Hina Yōmiya | Atsumi Tanezaki | Shizuka Itō | Yōko Hikasa;https://www.wikidata.org/wiki/Q126923268;Comédiens de doublage principaux, version japonaise originale. Distribution vocale enrichie via Wikidata, limitée aux 10 premiers noms retenus.
121;Etsuko Kozakura | Harumi Momo | Momo Harumi | Yasuyuki Kase | Gakuto Kajiwara | Yuriko Hibi | Hidenobu Kiuchi | Kentarō Kumagai | Yukiyo Fujii | Karin Takahashi;https://www.wikidata.org/wiki/Q131348649;Comédiens de doublage principaux, version japonaise originale. Distribution vocale enrichie via Wikidata, limitée aux 10 premiers noms retenus.
122;Rie Kawamura | Minami Takahashi | Kyōka Maruyama | Ayumi Mano | Hinako Takahashi;https://www.wikidata.org/wiki/Q130244349;Comédiens de doublage principaux, version japonaise originale. Distribution vocale enrichie via Wikidata, limitée aux 10 premiers noms retenus.
123;Ryouta Suzuki | Kaito Ishikawa | Kouhei Amasaki | Rina Kawaguchi | Yuuki Wakai | Tomori Kusunoki | Ryōta Suzuki | Kōhei Amasaki | Mikako Komatsu | Konomi Kohara;https://www.wikidata.org/wiki/Q129264041;Comédiens de doublage principaux, version japonaise originale. Distribution vocale enrichie via Wikidata, limitée aux 10 premiers noms retenus.
124;Tomoyo Takayanagi | Momoko Seto | Katsuyuki Konishi | Hōchū Ōtsuka | Mariya Ise | Ayano Shibuya | Yō Taichi | Shiori Izawa | Daisuke Namikawa | Naomi Ōzora;https://www.wikidata.org/wiki/Q129652334;Comédiens de doublage principaux, version japonaise originale. Distribution vocale enrichie via Wikidata, limitée aux 10 premiers noms retenus.
125;Yuuichi Nakamura | Natsuki Hanae | Nobunaga Shimazaki | Kouki Uchiyama | Yoshitsugu Matsuoka | Kouichi Yamadera | Ayane Sakura | Kana Hanazawa | Mamoru Miyano | Inori Minase;https://anilist.co/anime/156092;Comédiens de doublage principaux, version japonaise originale.
126;Mikako Komatsu | Asami Seto | Minami Tanaka | Hisako Kanemoto | Rie Tanaka | Ayana Taketatsu | Kaito Ishikawa | Takuya Eguchi | Ai Kakuma | Saho Shirasu;https://www.wikidata.org/wiki/Q136769436;Comédiens de doublage principaux, version japonaise originale. Distribution vocale enrichie via Wikidata, limitée aux 10 premiers noms retenus.
127;Yui Ishikawa | Kaede Hondo | Takuya Satou | Kouhei Amasaki | Takuya Satō | Kōhei Amasaki | Shinnosuke Tachibana | Sora Tokui | Ken Narita | Kanna Nakamura;https://www.wikidata.org/wiki/Q130581429;Comédiens de doublage principaux, version japonaise originale. Distribution vocale enrichie via Wikidata, limitée aux 10 premiers noms retenus.
128;Miyuki Sakurai | Miharu Hanai | Youko Hikasa | Shōgo Sakata | Yōko Hikasa | Anna Nagase | Mashiro Hitaka | Sayaka Kikuchi | Yuki Nakashima | Taku Yashiro;https://www.wikidata.org/wiki/Q137691012;Comédiens de doublage principaux, version japonaise originale. Distribution vocale enrichie via Wikidata, limitée aux 10 premiers noms retenus.
129;Yoshitsugu Matsuoka | Natsuki Hanae | Hiro Shimono | Akari Kitou;https://anilist.co/anime/101922;Comédiens de doublage principaux, version japonaise originale.
130;Daisuke Ono;https://anilist.co/anime/158287;Comédiens de doublage principaux, version japonaise originale.
131;Haruna Mikawa | Kana Hanazawa | Yū Serizawa | Eri Kitamura | Rumi Ōkubo | Yui Ogura | Mao Ichimichi | Kyōka Moriya;https://www.wikidata.org/wiki/Q125569311;Comédiens de doublage principaux, version japonaise originale. Distribution vocale enrichie via Wikidata, limitée aux 10 premiers noms retenus.
132;Fairouz Ai | Satoshi Inomata | Ikumi Hasegawa | Satoshi Tanaka | Yōji Ueda | Ayumi Mano | Momoko Seto | Jin Urayama | Chiharu Sawashiro | Hiroki Tōchi;https://www.wikidata.org/wiki/Q131178637;Comédiens de doublage principaux, version japonaise originale. Distribution vocale enrichie via Wikidata, limitée aux 10 premiers noms retenus.
133;Hana Shimano | Ai Kakuma | Yoshino Aoyama | Natsune Inui | Saya Aizawa | Azuki Moeno | Ayaka Fukuhara;https://www.wikidata.org/wiki/Q131606570;Comédiens de doublage principaux, version japonaise originale. Distribution vocale enrichie via Wikidata, limitée aux 10 premiers noms retenus.
134;Hiroaki Hirata | Arisa Nakada | Nao Touyama | Yuuki Hirose | Hinaki Yano | Hitomi Ueda | Nao Tōyama | Yūki Hirose | Chiwa Saitō | Kaito Ishikawa;https://www.wikidata.org/wiki/Q135004956;Comédiens de doublage principaux, version japonaise originale. Distribution vocale enrichie via Wikidata, limitée aux 10 premiers noms retenus.
135;Tomoyo Takayanagi | You Taichi | Yō Taichi | Yūki Kuwahara | Hina Natsume | Eriko Matsui | Ryōko Shintani;https://www.wikidata.org/wiki/Q125865039;Comédiens de doublage principaux, version japonaise originale. Distribution vocale enrichie via Wikidata, limitée aux 10 premiers noms retenus.
136;Akira Sekine | Miyuri Shimabukuro | Natsumi Fujiwara | Ayaka Fukuhara | Saho Shirasu | Kaori Nazuka | Hiroki Takahashi | Yūki Urushiyama | Manami Numakura;https://www.wikidata.org/wiki/Q127691394;Comédiens de doublage principaux, version japonaise originale. Distribution vocale enrichie via Wikidata, limitée aux 10 premiers noms retenus.
137;Taku Yashiro | Reina Ueda | Saori Hayami | Hiroshi Shirokuma | Yui Kondo;https://www.wikidata.org/wiki/Q123514250;Comédiens de doublage principaux, version japonaise originale. Distribution vocale enrichie via Wikidata, limitée aux 10 premiers noms retenus.
138;Natsumi Fujiwara;https://anilist.co/anime/183161;Comédiens de doublage principaux, version japonaise originale.
139;Marina Inoue | Ayana Taketatsu | Misuzu Togashi | Iori Nomizu | Nobunaga Shimazaki | Asami Sanada | Aya Endō | Misato | Takehito Koyasu | Midori Tsukimiya;https://www.wikidata.org/wiki/Q65087662;Comédiens de doublage principaux, version japonaise originale. Distribution vocale enrichie via Wikidata, limitée aux 10 premiers noms retenus.
140;Nobunaga Shimazaki | Marina Inoue | Ayana Taketatsu | Misuzu Togashi;https://anilist.co/anime/17641;Comédiens de doublage principaux, version japonaise originale.
141;Shun Horie | Hina Youmiya | Hina Yōmiya | Ayaka Asai | Megumi Han | Atsumi Tanezaki | Nobuhiko Okamoto | Gen Satō | Jun Fukushima | Aki Toyosaki;https://www.wikidata.org/wiki/Q120142533;Comédiens de doublage principaux, version japonaise originale. Distribution vocale enrichie via Wikidata, limitée aux 10 premiers noms retenus.
142;Toshiki Masuda;https://anilist.co/anime/191974;Comédiens de doublage principaux, version japonaise originale.
143;Takeo Ootsuka | Shouya Ishige | Takeo Ōtsuka | Shōya Ishige | Mao Ichimichi | Hiroki Tōchi | Yuki Tanaka | Takaya Hashi | Masaaki Mizunaka | Shion Wakayama;https://www.wikidata.org/wiki/Q122584947;Comédiens de doublage principaux, version japonaise originale. Distribution vocale enrichie via Wikidata, limitée aux 10 premiers noms retenus.
144;Sora Amamiya | Shun Horie;https://anilist.co/anime/113813;Comédiens de doublage principaux, version japonaise originale.
145;Jared Harris | Lee Pace | Lou Llobell | Leah Harvey | Laura Birn | Terrence Mann | Cassian Bilton | Daniel MacPherson | Sasha Behar | Sandra Yi Sencindiver;https://www.wikidata.org/wiki/Q56281007;Distribution enrichie via Wikidata, limitée aux 10 premiers noms retenus.
146;Seiichirou Yamashita | Asami Seto | Inori Minase | Seiichirō Yamashita | Rina Hidaka | Kana Hanazawa | Haruka Shiraishi | Yōko Hikasa | Suzuko Mimori | Fairouz Ai;https://www.wikidata.org/wiki/Q117744110;Comédiens de doublage principaux, version japonaise originale. Distribution vocale enrichie via Wikidata, limitée aux 10 premiers noms retenus.
147;Jenna Ortega | Emma Myers | Hunter Doohan | Catherine Zeta-Jones | Luis Guzmán | Luis Gómez | Christina Ricci | Riki Lindhome | Gwendoline Christie | William Houston;https://www.wikidata.org/wiki/Q105553568;Distribution enrichie via Wikidata, limitée aux 10 premiers noms retenus.
148;Sydney Chandler | Timothy Olyphant | Alex Lawther | Samuel Blenkin | Babou Ceesay | Essie Davis | Adarsh Gourav | Kit Young | David Rysdahl | Adrian Edmondson;https://www.wikidata.org/wiki/Q116200246;Distribution enrichie via Wikidata, limitée aux 10 premiers noms retenus.
149;Minami Hinata | Yurina Amami | Aoi Koga | Yoshino Aoyama | Ai Kayano | Masaya Matsukaze;https://www.wikidata.org/wiki/Q126974198;Comédiens de doublage principaux, version japonaise originale. Distribution vocale enrichie via Wikidata, limitée aux 10 premiers noms retenus.
150;Makoto Koichi | Fairouz Ai | Lynn | Akira Sekine | Rie Takahashi | Shun Horie | Yūya Hirose | Akane Kumada | Eriko Matsui | Nobunaga Shimazaki;https://www.wikidata.org/wiki/Q126720032;Comédiens de doublage principaux, version japonaise originale. Distribution vocale enrichie via Wikidata, limitée aux 10 premiers noms retenus.
151;Haruka Shiraishi | Mutsumi Tamura | Saya Aizawa | Yūichi Nakamura | Jun Hashizume | Mamoru Miyano | Yūki Ono | Kenta Miyake | Yuma Uchida | Yōhei Azakami;https://www.wikidata.org/wiki/Q136316621;Comédiens de doublage principaux, version japonaise originale. Distribution vocale enrichie via Wikidata, limitée aux 10 premiers noms retenus.
152;Shunsuke Takeuchi | Marika Tachibana | Sayumi Suzushiro | Mariya Ise | Satsumi Matsuda | Ryōta Suzuki | Chika Anzai;https://www.wikidata.org/wiki/Q131448079;Comédiens de doublage principaux, version japonaise originale. Distribution vocale enrichie via Wikidata, limitée aux 10 premiers noms retenus.
153;Daiki Hamano | Mizuki Niizaki | Yōhei Azakami | Yuna Nemoto | Saya Aizawa;https://www.wikidata.org/wiki/Q131619952;Comédiens de doublage principaux, version japonaise originale. Distribution vocale enrichie via Wikidata, limitée aux 10 premiers noms retenus.
154;Masaaki Mizunaka | Reina Ueda | Reiji Kawashima | Yū Serizawa | Subaru Kimura | Yoshiki Nakajima | Hiroki Yasumoto | Ryōta Takeuchi | Tomoko Miyadera | Kazuyuki Okitsu;https://www.wikidata.org/wiki/Q124631848;Comédiens de doublage principaux, version japonaise originale. Distribution vocale enrichie via Wikidata, limitée aux 10 premiers noms retenus.
155;Yuuma Uchida | Yuma Uchida | Hiro Shimono | Fairouz Ai | Asami Seto | Minami Takahashi | Kaori Maeda | Hiroki Yasumoto | Riho Sugiyama | Rie Hikisaka;https://www.wikidata.org/wiki/Q115626759;Comédiens de doublage principaux, version japonaise originale. Distribution vocale enrichie via Wikidata, limitée aux 10 premiers noms retenus.
156;Kanna Nakamura | Yukari Anzai | Kana Ichinose | Saori Oonishi | Saori Ōnishi | Takako Tanaka | Mayu Sagara | Chiwa Saitō | Yukana | Mai Nakahara;https://www.wikidata.org/wiki/Q131285787;Comédiens de doublage principaux, version japonaise originale. Distribution vocale enrichie via Wikidata, limitée aux 10 premiers noms retenus.
157;Miharu Hanai | Misato Matsuoka | Azusa Tachibana | Niina Hanamiya | Kaori Maeda | Lynn | Yui Horie;https://www.wikidata.org/wiki/Q126917607;Comédiens de doublage principaux, version japonaise originale. Distribution vocale enrichie via Wikidata, limitée aux 10 premiers noms retenus.
158;Rena Motomura | Daiki Hamano | Minami Tanaka | Ryōhei Kimura | Yōko Hikasa | Sayaka Ohara | Tetsuya Kakihara | Yūka Aisaka;https://www.wikidata.org/wiki/Q128037635;Comédiens de doublage principaux, version japonaise originale. Distribution vocale enrichie via Wikidata, limitée aux 10 premiers noms retenus.
159;Shougo Sakata | Atsuko Tanaka | Shōgo Sakata | Ayaka Nanase | Kengo Takanashi | Saya Aizawa | Akeno Watanabe | Genta Nakamura | Yoshino Aoyama | Kentarō Itō;https://www.wikidata.org/wiki/Q128417243;Comédiens de doublage principaux, version japonaise originale. Distribution vocale enrichie via Wikidata, limitée aux 10 premiers noms retenus.
160;Yuu Hayashi;https://anilist.co/anime/97995;Comédiens de doublage principaux, version japonaise originale.
161;Shunsuke Takeuchi | Hitomi Ueda | Iori Saeki | Haruka Shiraishi;https://www.wikidata.org/wiki/Q132160149;Comédiens de doublage principaux, version japonaise originale. Distribution vocale enrichie via Wikidata, limitée aux 10 premiers noms retenus.
162;Taito Ban | Ryousuke Tomita | Ryōsuke Tomita | Daichi Endō | Takuma Nagatsuka | Natsu Yorita | Tatsumaru Tachibana | Haruna Ikezawa | Anna Nagase | Shion Wakayama;https://www.wikidata.org/wiki/Q131567232;Comédiens de doublage principaux, version japonaise originale. Distribution vocale enrichie via Wikidata, limitée aux 10 premiers noms retenus.
163;Tomoyo Kurosawa | Yuki Kaida | Maaya Sakamoto | Banjou Ginga | Shizuka Ishigami | Yui Ogura | Youko Hikasa;https://anilist.co/anime/177175;Comédiens de doublage principaux, version japonaise originale.
164;Honoka Inoue | Yoshinori Nakayama | Kikunosuke Toya | Kōki Uchiyama | Hiiro Ishibashi | Aya Yamane;https://www.wikidata.org/wiki/Q130305455;Comédiens de doublage principaux, version japonaise originale. Distribution vocale enrichie via Wikidata, limitée aux 10 premiers noms retenus.
165;Miyari Nemoto | Asami Seto | Yume Miyamoto | Saki Hayashi | Misuzu Yamada;https://www.wikidata.org/wiki/Q130272456;Comédiens de doublage principaux, version japonaise originale. Distribution vocale enrichie via Wikidata, limitée aux 10 premiers noms retenus.
166;Sally Amaki | Shouya Chiba | Shōya Chiba | Reo Osanai | Asaki Yuikawa | Kaori Ishihara | Ai Kayano | Manami Tanaka | Kentarō Tone;https://www.wikidata.org/wiki/Q130070506;Comédiens de doublage principaux, version japonaise originale. Distribution vocale enrichie via Wikidata, limitée aux 10 premiers noms retenus.
167;Nobunaga Shimazaki | Ayasa Itō | Makoto Koichi | Toshiyuki Morikawa | Satomi Satō;https://www.wikidata.org/wiki/Q133248810;Comédiens de doublage principaux, version japonaise originale. Distribution vocale enrichie via Wikidata, limitée aux 10 premiers noms retenus.
168;Yuuko Natsuyoshi | Sora Amamiya | Miku Itou | Yūko Natsuyoshi | Miku Itō | Yū Kobayashi | Eriko Matsui | Miharu Hanai | Iori Saeki | Mamiko Noto;https://www.wikidata.org/wiki/Q124309031;Comédiens de doublage principaux, version japonaise originale. Distribution vocale enrichie via Wikidata, limitée aux 10 premiers noms retenus.
169;Minori Fujidera | Yuuki Ono | Yūki Ono | Hina Yōmiya | Taito Ban | Mutsumi Tamura | Ryōta Ōsaka;https://www.wikidata.org/wiki/Q132189909;Comédiens de doublage principaux, version japonaise originale. Distribution vocale enrichie via Wikidata, limitée aux 10 premiers noms retenus.
170;Hika Tsukishiro | Ryouta Suzuki | Mao Ichimichi | Ryōta Suzuki;https://www.wikidata.org/wiki/Q131781729;Comédiens de doublage principaux, version japonaise originale. Distribution vocale enrichie via Wikidata, limitée aux 10 premiers noms retenus.
171;Toshiki Kumagai | Tomori Kusunoki | Kikuko Inoue | Rico Sasaki | Kaori Maeda | Kanon Takao | Shinji Kawada | Tomomichi Nishimura | Akira Sekine;https://www.wikidata.org/wiki/Q126889588;Comédiens de doublage principaux, version japonaise originale. Distribution vocale enrichie via Wikidata, limitée aux 10 premiers noms retenus.
172;Sora Amamiya | Gen Satou | Gen Satō | Yumiri Hanamori | Haruka Tomatsu | Eri Kitamura | Shizuka Itō | Naomi Ōzora | Azumi Waki | Kensho Ono;https://www.wikidata.org/wiki/Q124814501;Comédiens de doublage principaux, version japonaise originale. Distribution vocale enrichie via Wikidata, limitée aux 10 premiers noms retenus.
173;Shougo Sakata | Manaka Iwami | Hina Youmiya | Chika Anzai | Ikumi Hasegawa | Rumi Ookubo | Shōgo Sakata | Hina Yōmiya | Rumi Ōkubo | Yōhei Azakami;https://www.wikidata.org/wiki/Q128795998;Comédiens de doublage principaux, version japonaise originale. Distribution vocale enrichie via Wikidata, limitée aux 10 premiers noms retenus.
174;Kazuyuki Okitsu | Mai Nakahara | Seria Fukagawa | Hirofumi Nojima | Ai Kakuma | Aya Yamane | Satomi Arai | Masaaki Mizunaka | Shōya Chiba;https://www.wikidata.org/wiki/Q124329533;Comédiens de doublage principaux, version japonaise originale. Distribution vocale enrichie via Wikidata, limitée aux 10 premiers noms retenus.
180;Kyouhei Natsume | Akane Fujita | Kyōhei Natsume | Yūya Hirose | Sōhei Horikane | Yumiri Hanamori | Mayu Mineda | Shiori Mikami | Daisuke Kishio;https://www.wikidata.org/wiki/Q133277803;Comédiens de doublage principaux, version japonaise originale. Distribution vocale enrichie via Wikidata, limitée aux 10 premiers noms retenus.
181;;;Intitulé générique ou vidéo personnelle : lien/source nécessaire pour identifier les crédits.
182;Yumika Yano | Shuuichirou Umeda | Hinaki Yano | Shūichirō Umeda | Yurie Igoma | Megu Umezawa | Yoshiki Nakajima;https://www.wikidata.org/wiki/Q122719520;Comédiens de doublage principaux, version japonaise originale. Distribution vocale enrichie via Wikidata, limitée aux 10 premiers noms retenus.
183;Takuya Eguchi | Saori Hayami | Atsumi Tanezaki | Emiri Katō | Natsumi Fujiwara | Hiroyuki Yoshino | Kazuhiro Yamaji | Yūko Kaida;https://www.wikidata.org/wiki/Q117455980;Comédiens de doublage principaux, version japonaise originale. Distribution vocale enrichie via Wikidata, limitée aux 10 premiers noms retenus.
184;Koutarou Nishiyama | Hiroshi Kamiya | Kazuki Ura | Kōtarō Nishiyama | Manaka Iwami | Shōgo Sakata | Natsuki Hanae | Aimi | Ryōhei Kimura;https://www.wikidata.org/wiki/Q125825227;Comédiens de doublage principaux, version japonaise originale. Distribution vocale enrichie via Wikidata, limitée aux 10 premiers noms retenus.
185;Shuuichirou Umeda | Shūichirō Umeda | Yurika Kubo | Masumi Tazawa | Masaaki Mizunaka | Atsushi Abe | Hikaru Midorikawa | Sakura Tange | Akira Ishida | Naoya Uchida;https://www.wikidata.org/wiki/Q133453372;Comédiens de doublage principaux, version japonaise originale. Distribution vocale enrichie via Wikidata, limitée aux 10 premiers noms retenus.
186;Kouhei Yanagi | Ako Koaki | Minori Ozawa | Shizuka Ishigami | Rie Okamoto | Kōhei Yanagi | Aiba Nanami;https://www.wikidata.org/wiki/Q124370198;Comédiens de doublage principaux, version japonaise originale. Distribution vocale enrichie via Wikidata, limitée aux 10 premiers noms retenus.
187;Nina Tamaki | Ikumi Hasegawa | Hana Hishikawa | Shiori Izawa | Ayumi Mano | Yūko Natsuyoshi | Katsuya Miyamoto;https://www.wikidata.org/wiki/Q131193473;Comédiens de doublage principaux, version japonaise originale. Distribution vocale enrichie via Wikidata, limitée aux 10 premiers noms retenus.
188;Yui Ishikawa | Shuuichirou Umeda | Miyu Tomita | Shūichirō Umeda | Ai Kayano;https://www.wikidata.org/wiki/Q135102970;Comédiens de doublage principaux, version japonaise originale. Distribution vocale enrichie via Wikidata, limitée aux 10 premiers noms retenus.
189;Lynn | Shougo Sakata | Shōgo Sakata | Ami Maeshima | Mitsuki Saiga;https://www.wikidata.org/wiki/Q131452124;Comédiens de doublage principaux, version japonaise originale. Distribution vocale enrichie via Wikidata, limitée aux 10 premiers noms retenus.
190;Kazuyuki Okitsu | Mai Nakahara | Seria Fukagawa | Hirofumi Nojima | Ai Kakuma | Aya Yamane | Satomi Arai | Masaaki Mizunaka | Shōya Chiba;https://www.wikidata.org/wiki/Q124329533;Comédiens de doublage principaux, version japonaise originale. Distribution vocale enrichie via Wikidata, limitée aux 10 premiers noms retenus.
192;Kenshou Ono | Saori Hayami | Sumire Uesaka | Rumi Ookubo | Kensho Ono | Rumi Ōkubo | Mai Nakahara | Shin'ya Takahashi | Karin Isobe | Yuka Iguchi;https://www.wikidata.org/wiki/Q122947399;Comédiens de doublage principaux, version japonaise originale. Distribution vocale enrichie via Wikidata, limitée aux 10 premiers noms retenus.
193;Nao Touyama | Katsuyuki Konishi | Shunichi Toki;https://anilist.co/anime/100500;Comédiens de doublage principaux, version japonaise originale.
194;Kanna Nakamura | Taito Ban | Takashi Kondō | Nobuhiko Okamoto | Ryōhei Kimura | Daisuke Hirakawa | Toshiki Masuda;https://www.wikidata.org/wiki/Q130600180;Comédiens de doublage principaux, version japonaise originale. Distribution vocale enrichie via Wikidata, limitée aux 10 premiers noms retenus.
195;Asami Seto | Wataru Katou | Wataru Katō | Shōya Ishige | Miyu Tomita | Kazuki Ura | Taito Ban | Ai Kakuma | Sally Amaki;https://www.wikidata.org/wiki/Q130305469;Comédiens de doublage principaux, version japonaise originale. Distribution vocale enrichie via Wikidata, limitée aux 10 premiers noms retenus.
196;Nao Touyama | Haruki Ishiya | Nao Tōyama | Ami Koshimizu | Chiaki Kobayashi | Yūichirō Umehara | Daishi Kajita | Saima Nakano | Yō Taichi | Kappei Yamaguchi;https://www.wikidata.org/wiki/Q128571810;Comédiens de doublage principaux, version japonaise originale. Distribution vocale enrichie via Wikidata, limitée aux 10 premiers noms retenus.
197;Sayumi Suzushiro | Haruki Ishiya | Tomori Kusunoki | Sōma Saitō | Kana Hanazawa | Reina Kondō;https://www.wikidata.org/wiki/Q105156949;Comédiens de doublage principaux, version japonaise originale. Distribution vocale enrichie via Wikidata, limitée aux 10 premiers noms retenus.
198;Takeo Ootsuka | Saku Mizuno | Takeo Ōtsuka | Sanae Kobayashi | Konomi Tamura | Junichi Suwabe;https://www.wikidata.org/wiki/Q132510492;Comédiens de doublage principaux, version japonaise originale. Distribution vocale enrichie via Wikidata, limitée aux 10 premiers noms retenus.
199;Yuusuke Kobayashi | Sora Amamiya;https://anilist.co/anime/112667;Comédiens de doublage principaux, version japonaise originale.
200;Yuuto Uemura | Ikumi Hasegawa | Kyouka Moriya | Hime Sawada | Yūto Uemura | Kyōka Moriya | Inori Minase | Ami Maeshima | Miho Okasaki | Kana Hanazawa;https://www.wikidata.org/wiki/Q123043832;Comédiens de doublage principaux, version japonaise originale. Distribution vocale enrichie via Wikidata, limitée aux 10 premiers noms retenus.
201;Yoshino Aoyama | Mao Ichimichi | Shōhei Komatsu | Makoto Furukawa | Shun'ichi Toki | Arthur Lounsbery | Atsushi Tamaru | Tomoaki Maeno;https://www.wikidata.org/wiki/Q124570408;Comédiens de doublage principaux, version japonaise originale. Distribution vocale enrichie via Wikidata, limitée aux 10 premiers noms retenus.
202;Kim Ji-yeon | Jang Da-a | Ryu Da-in | Kang Na-eon | Shin Seul-ki;https://anilist.co/anime/168631;
203;Gakuto Kajiwara | Rina Hidaka | Haruka Shiraishi | Yuuichirou Umehara | Daisuke Hirose | Yūichirō Umehara | Ryōhei Kimura | Yui Ishikawa | Mizuki Mano | Ayaka Nanase;https://www.wikidata.org/wiki/Q128038146;Comédiens de doublage principaux, version japonaise originale. Distribution vocale enrichie via Wikidata, limitée aux 10 premiers noms retenus.
204;Saya Aizawa | Shougo Sakata | Hitomi Nabatame | Junichi Suwabe | Atsumi Tanezaki | Shōgo Sakata | Kanna Nakamura | Yoshiki Nakajima | Ryōhei Kimura | Yuki Sakakihara;https://www.wikidata.org/wiki/Q128306575;Comédiens de doublage principaux, version japonaise originale. Distribution vocale enrichie via Wikidata, limitée aux 10 premiers noms retenus.
205;;https://anilist.co/anime/199430;Crédits principaux non annoncés dans la source consultée.
206;Kurumi Mamiya | Reina Ueda | Anna Nagase | Konomi Kohara;https://www.wikidata.org/wiki/Q131414367;Comédiens de doublage principaux, version japonaise originale. Distribution vocale enrichie via Wikidata, limitée aux 10 premiers noms retenus.
207;Akari Kitou | Gen Satou | Gen Satō | Akari Kitō | Miyuri Shimabukuro | Hitomi Ueda | Ai Kakuma | Mikako Komatsu | Shōgo Sakata | Shigeru Chiba;https://www.wikidata.org/wiki/Q125116425;Comédiens de doublage principaux, version japonaise originale. Distribution vocale enrichie via Wikidata, limitée aux 10 premiers noms retenus.
208;Sumire Morohoshi | Tomoaki Maeno | Nobuhiko Okamoto | Shuuichirou Umeda;https://anilist.co/anime/165530;Comédiens de doublage principaux, version japonaise originale.
209;;;Intitulé générique ou vidéo personnelle : lien/source nécessaire pour identifier les crédits.
210;Mutsumi Tamura | Mayu Iizuka | Tasuku Hatanaka | Sayaka Senbongi | Hideo Ishikawa | Sayaka Ohara | Makoto Koichi | Tomokazu Sugita | Shōya Chiba | Marie Miyake;https://www.wikidata.org/wiki/Q138806984;Comédiens de doublage principaux, version japonaise originale. Distribution vocale enrichie via Wikidata, limitée aux 10 premiers noms retenus.
211;;;Intitulé générique ou vidéo personnelle : lien/source nécessaire pour identifier les crédits.
212;Karl Urban | Jack Quaid | Antony Starr | Erin Moriarty | Jessie T. Usher | Laz Alonso | Elisabeth Shue | Dominique McElligott | Chace Crawford | Karen Fukuhara;https://www.wikidata.org/wiki/Q48796994;Distribution enrichie via Wikidata, limitée aux 10 premiers noms retenus.
213;Kana Hanazawa | Kouhei Amasaki | Kōhei Amasaki | Ryōhei Kimura | Yūko Natsuyoshi | Toshiki Masuda | Minami Tanaka | Iori Noguchi | Ayumu Murase | Momo Sakurai;https://www.wikidata.org/wiki/Q135208556;Comédiens de doublage principaux, version japonaise originale. Distribution vocale enrichie via Wikidata, limitée aux 10 premiers noms retenus.
214;Ayaka Oohashi | Misaki Kuno | Akio Ootsuka | Ayaka Ōhashi | Akio Ōtsuka | Ayasa Itō | Kaori Ishihara | Yūko Sanpei;https://www.wikidata.org/wiki/Q134986509;Comédiens de doublage principaux, version japonaise originale. Distribution vocale enrichie via Wikidata, limitée aux 10 premiers noms retenus.
215;Chiaki Kobayashi | Shuuichirou Umeda | Shūichirō Umeda | Yumiri Hanamori | Wakana Kowaka | Chikahiro Kobayashi | Yoshiki Nakajima | Shion Wakayama;https://www.wikidata.org/wiki/Q136390696;Comédiens de doublage principaux, version japonaise originale. Distribution vocale enrichie via Wikidata, limitée aux 10 premiers noms retenus.
216;Nicolas Cage | Lamorne Morris | Li Jun Li | Karen Rodriguez | Richard Robichaux | Randy Oglesby;https://www.rottentomatoes.com/tv/spider_noir;
217;Sayumi Suzushiro | Satoshi Inomata | Hana Hishikawa | Aki Toyosaki | Miyu Tomita | Hiroshi Kamiya | Hisako Kanemoto | Ayaka Asai | Yūsuke Kobayashi | Yurika Kubo;https://www.wikidata.org/wiki/Q130416580;Comédiens de doublage principaux, version japonaise originale. Distribution vocale enrichie via Wikidata, limitée aux 10 premiers noms retenus.
218;Toshiki Masuda | Sora Amamiya | Rui Tanabe | Saori Oonishi | Maria Naganawa | Saori Ōnishi | Manami Numakura | Misato Fukuen | Reina Ueda | Yui Ishikawa;https://www.wikidata.org/wiki/Q136141498;Comédiens de doublage principaux, version japonaise originale. Distribution vocale enrichie via Wikidata, limitée aux 10 premiers noms retenus.
219;Douglas Henshall | James Murray | Andrew-Lee Potts | Lucy Brown | Hannah Spearritt | Ben Miller | Jason Flemyng | Juliet Aubrey | Laila Rouass | Ruth Kearney;https://www.wikidata.org/wiki/Q837316;Distribution enrichie via Wikidata, limitée aux 10 premiers noms retenus.
220;;;Titre de vidéo générique : lien exact nécessaire pour identifier les crédits.
221;;;Intitulé générique ou vidéo personnelle : lien/source nécessaire pour identifier les crédits.
222;Aoi Koga | Seiichirou Yamashita | Seiichirō Yamashita | Sayumi Suzushiro | Maki Kawase | Ayaka Nanase | Fūka Izumi | Hikaru Tōno | Yoshino Nanjō | Takaya Kuroda;https://www.wikidata.org/wiki/Q140307078;Comédiens de doublage principaux, version japonaise originale. Distribution vocale enrichie via Wikidata, limitée aux 10 premiers noms retenus.
223;Nicolas Cage | Lamorne Morris | Li Jun Li | Karen Rodriguez | Richard Robichaux | Randy Oglesby;https://www.rottentomatoes.com/tv/spider_noir;"Même série que l'édition couleur ; présentation en noir et blanc."
224;Frédéric Molas | Sébastien Rassiat | Karim Debbache;https://www.youtube.com/watch?v=0thLCQHtLP4;
225;Satoshi Hino | Yuuma Uchida | Hina Kino | Yuma Uchida | Maaya Uchida;https://www.wikidata.org/wiki/Q123261004;Comédiens de doublage principaux, version japonaise originale. Distribution vocale enrichie via Wikidata, limitée aux 10 premiers noms retenus.
226;Jun Fukuyama | Ami Koshimizu | Takahiro Sakurai | Yukana;https://anilist.co/anime/1575;Comédiens de doublage principaux, version japonaise originale.
227;Park Eun-bin | Cha Eun-woo | Kim Hae-sook | Choi Dae-hoon | Im Seong-jae | Son Hyun-joo | Kim Hae-suk | Son Hyeon-ju;https://www.wikidata.org/wiki/Q130748503;Distribution enrichie via Wikidata, limitée aux 10 premiers noms retenus.
228;Aoi Yuuki;https://anilist.co/anime/21613;Comédiens de doublage principaux, version japonaise originale.
229;Takeshi Maeda | Kousuke Toriumi | Hitomi Nabatame | Kei Mizusawa | Yui Sakakibara;https://anilist.co/anime/21555;Comédiens de doublage principaux, version japonaise originale.
